location_code,chain,customer_name,address,city,state,zip,mobi_customer_id,mobi_customer_name
014425,imperial,KRASDALE FOODS,65 WEST RED OAK LANE,WHITE PLAINS,NY,10604,,
025851,imperial,AHRC NASSAU CHAPTER,189 WHEATLY ROAD,BROOKVILLE,NY,11545,,
044354,imperial,ATLANTIC HEALTH SYSTEM *MASTR*,"100 MADISON AVENUE, ** NO FEDEX **",MORRISTOWN,NJ,07960,,
091900,imperial,CHRISTIAN HEALTH CENTER,301 SICOMAC AVENUE,WYCKOFF,NJ,7481.0,,
097201,imperial,"COFFEE LABS ROASTERS, INC.",ATTN: ALICIA,TARRYTOWN,NY,10591,,
1576002,imperial,GREEN CHIMNEY CHILDREN,"PUTNAM LAKE RD. BOX 719, ATTN: ACCOUNTS PAYABLE DEPT",BREWSTER,NY,10509-0719,,
209235,imperial,BROADWALL MANAGEMENT CORP,"7 PENN PLAZA, ELEVENTH FLOOR",NEW YORK,NY,10001,,
2755007,imperial,ROYAL REALTY CORP,"1155 AVENUE OF THE AMERICAS, ATTN:BLDG SVCS DEPT",NEW YORK,NY,10036,2435174.0,ROYAL REALTY
2NOM301,imperial,2 NOMAD LLC,240 W 40TH ST,NEW YORK,NY,10018,,
309654,imperial,WELLLIFE NETWORK INC.,"1985 MARCUS AVE, SUITE 100",NEW HYDE PARK,NY,11042,,
321545,imperial,PIER 59 STUDIOS,"59 CHELSEA PIERSBAT001, CHELSEA PIERS LEVEL 2",NEW YORK,NY,10011,,
357874,imperial,ROYAL REALTY CORP.,1 BRYANT PARK,NEW YORK,NY,10036,2435174.0,ROYAL REALTY
394565,imperial,ST JOHNS RIVERSIDE HOSPITAL,"967 NORTH BROADWAY, ACCOUNTS PAYABLE",YONKERS,NY,10701,,
480050,imperial,YMCA NEWARK AND VICINITY,"600 BROAD STREET, ACCOUNTS PAYABLE OFFICE",NEWARK,NJ,07102,,
481000,imperial,YMCA OF WESTFIELD,220 CLARKE STREET,WESTFIELD,NJ,07090,,
55082,imperial,CENTRAL PARK CONSERVANCY,"717 5TH AVENUE, 5TH FLOOR",NEW YORK,NY,10022,,
ABQ001,imperial,AMY SCHERBER INC.,"48-09 34TH STREET, DBA AMY'S BREAD (ABQ)",LONG ISLAND CITY,NY,11101,,
AD00064,imperial,MARUKAI CORPORATION,"19750 STEVENS CREEK BLVD, MARUKAI CUPERTINO",CUPERTINO,CA,95014,,
AD00073,imperial,MITSUWA MARKET PLACE,675 SARATOGA AVE,SAN JOSE,CA,95129,,
AD00168,imperial,LA PLAZA MKT #3-MCLAUGHLIN,"P.O. BOX 361945, ** Email Statement **",MILPITAS,CA,95036,,
AD00170,imperial,LA PLAZA MKT #3-MCLAUGHLIN,"P.O. BOX 361945, ** Email Statement **",MILPITAS,CA,95036.0,,
AD00171,imperial,LA PLAZA MKT #3-MCLAUGHLIN,"P.O. BOX 361945, ** Email Statement **",MILPITAS,CA,95036.0,,
AD00186,imperial,LA PLAZA MKT #1-TRACY,"P.O. BOX 361945, ** Email Statement **",MILPITAS,CA,95036.0,,
AD00447,imperial,PIEDMONT MARKETS,"4038 PIEDMONT AVE, ** Email Statement **",OAKLAND,CA,94611,,
AD01103,imperial,LA PLAZA MKT #4 SAN JOSE,"P.O. BOX 361945, ** Email Statement **",MILPITAS,CA,95036,,
AD01769,imperial,VIVA SUPER MARYSVL BLVD-GROCER,4750 DUCKHORN DR,SACRAMENTO,CA,95838,,
AD90126,imperial,FROG HOLLOW FARM LLC,PO BOX 2110,BRENTWOOD,CA,94513.0,,
ADR902,imperial,ADRIENNES,25 VAN BRUNT ROAD,BROAD CHANNEL,NY,11693,,
ALF150,imperial,ALFALFA DOWNTOWN HOBOKEN LLC,150 NEWARK ST,HOBOKEN,NJ,07030,,
ALF160,imperial,ALFALFA JERSEY CITY,1110 WASHINGTON ST,HOBOKEN,NJ,07030,5293461.0,Alfalfa - Jersey City
ALF673,imperial,ALFALFA - EAT ALFALFA LLC,1110 WASHINGTON STREET,HOBOKEN,NJ,07030,,
ALI2817,imperial,ALIDORO JACX,2817 JACKSON AVENUE,LONG ISLAND CITY,NY,11101,,
AMY001,imperial,AMY'S BREAD,48-09 34TH STREET,LONG ISLAND CITY,NY,11101,1912456.0,Amy's Bread
AMY004,imperial,AMY RUTH'S,"113 WEST 116TH ST, DRIVER MUST TAKE ALL PALLETS",NEW YORK,NY,10026,1717241.0,AMY RUTH'S
AMYOO2,imperial,AMY'S BREAD,"AB1, 48-09 34TH STREET",LONG ISLAND CITY,NY,11101,1912456.0,Amy's Bread
ANT027,imperial,ANTI CO CAFE,211 MALCOLM X,BROOKLYN,NY,11221,,
ARR001,imperial,ARROW PAPER CO.,"228 ANDOVER STREET, ATTN:",WILMINGTON,MA,01887,1711135.0,Arrow Paper
ASS118,imperial,SANCTUARY HOTEL,132 WEST 47TH STREET,NEW YORK,NY,10036,,
ASVPC00,imperial,VERITAS PREP CHARTER SCH,370 PINE STREET,SPRINGFIELD,MA,01105,,
B011950,imperial,ASSUMPTION UNIVERSITY,500 SALISBURY STREET,WORCESTER,MA,01609-1294,,
BAG113,imperial,BAGEL BIZ,443 WALT WHITMAN ROAD,MELVILLE,NY,11747.0,,
BAL353,imperial,BURGER HEAD,353 6TH AVE,NEW YORK,NY,10014.0,,
BAR080,imperial,BAREBURGER- FOREST HILLS,"ATTN: RICHARD LEE, 7149 AUSTIN STREET",FOREST HILLS,NY,11375,5501106.0,Bareburger
BAR103,imperial,BAREBURGER-RIDGEWOOD NJ,15 E RIDGEWOOD AVENUE,RIDGEWOOD,NJ,07450,5501106.0,Bareburger
BAR430,imperial,BAREBURGER,"BB43009BB, 430 3RD AVENUE",NEW YORK,NY,10016,5501106.0,Bareburger
BBNA70,imperial,BLU BUYING NORTH AMERICA LLC,11 OLD CHESTER ROAD,ESSEX FELLS,NJ,07021,,
BCOM035,imperial,COMMUNITY RESTAURANT,"1991 BROADWAY 2ND FLOOR, 2893 FOOD SERVICE CORP",NEW YORK,NY,10023,,
BDOS064,imperial,DT PARENT CO LLC,"800 WESTCHESTER AVENUE, SUITE N-321",RYE BROOK,NY,10573,,
BDOS4TH,imperial,DT PARENT CO LLC,"800 WESTCHESTER AVENUE, SUITE N-321",RYE BROOK,NY,10573,,
BDOS636,imperial,DT PARENT CO LLC,"800 WESTCHESTER AVENUE, SUITE N-321",RYE BROOK,NY,10573,,
BDOSBRO,imperial,DT PARENT CO LLC,"800 WESTCHESTER AVENUE, SUITE N-321",RYE BROOK,NY,10573,,
BDOSCAR,imperial,DT PARENT CO LLC,"800 WESTCHESTER AVENUE, SUITE N-321",RYE BROOK,NY,10573,,
BDOSDUP,imperial,DT PARENT CO LLC,"800 WESTCHESTER AVENUE, SUITE N-321",RYE BROOK,NY,10573,,
BDOSGCT,imperial,DT PARENT CO LLC,"800 WESTCHESTER AVENUE, SUITE N-321",RYE BROOK,NY,10573,,
BDOSLIB,imperial,DT PARENT CO LLC,"800 WESTCHESTER AVENUE, SUITE N-321",RYE BROOK,NY,10573,,
BDOSMAI,imperial,DT PARENT CO LLC,"800 WESTCHESTER AVENUE, SUITE N-321",RYE BROOK,NY,10573,,
BDOSPEN,imperial,DT PARENT CO LLC,"800 WESTCHESTER AVENUE, SUITE N-321",RYE BROOK,NY,10573.0,,
BDOSYOR,imperial,DT PARENT CO LLC,"800 WESTCHESTER AVENUE, SUITE N-321",RYE BROOK,IL,10573,,
BEA005,imperial,"PARLOUR ESPRESSO, LLC","1616 AMSTERDAM AVENUE, C/O FILTERED COFFEE",NEW YORK,NY,10031,,
BFOO028,imperial,"FOODCELLAR COURT SQUARE, LLC",43-18 CRESCENT STREET,LONG ISLAND CITY,NY,11101,,
BIRCH6,imperial,BIRCH COFFEE/ROAST HOUSE,P.O. BOX 287507,NEW YORK,NY,10128,,
BIRDS64,imperial,BIRDS,"64 DOWNING ST, ATTN: ANDREW NEWMAN",NEW YORK,NY,11385.0,,
BIS003,imperial,BISTRO VENDOME,405 EAST 58TH STREET,NEW YORK,NY,10022,,
BLA032,imperial,BLACKBIRD FOODS,"1040 45TH AVE, 3RD FLR",LONG ISLAND CITY,NY,11101,,
BLNY211,imperial,BEDFORD AVENUE TRS LLC,"353 BEDFORD AVE, MOXY WILLIAMSBURG",BROOKLYN,NY,11211.0,,
BONNBRO,imperial,BONDI SUSHI,2052 BROADWAY,NEW YORK,NY,10023,1711161.0,Bondi Sushi
BONNY1,imperial,BONDI SUSHI,6 WEST 28TH ST,NEW YORK,NY,10001,1711161.0,Bondi Sushi
BONNY4,imperial,BONDI SUSHI,6TH WEST 28TH STREET,NEW YORK,NY,10001,1711161.0,Bondi Sushi
BONNY5,imperial,BONDI SUSHI,75 KENMARE STREET,NEW YORK,NY,10012,1711161.0,Bondi Sushi
BONNY7,imperial,BONDI SUSHI,1140 3RD AVENUE,NEW YORK,NY,10065,1711161.0,Bondi Sushi
BONNYBK,imperial,BONDI SUSHI-156 N 4TH ST,156 N 4TH STREET,BROOKLYN,NY,11211,4479853.0,Bondi Sushi - Williamsburgh
BONNYBP,imperial,BONDI-BRYANT PARK,"BONDI - 461 5TH AVENUE LLC, 461 5TH AVENUE",NEW YORK,NY,10001,,
BOR003,imperial,BORGATTI RAVIOLI & EGG,"NOODLES, 632 EAST 187TH STREET",BRONX,NY,10458,,
BP160,imperial,BROOKLYN PARAMOUNT,385 FLATBUSH AVENUE EXT,BROOKLYN,NY,11201,,
BRA032,imperial,BRASS NYC,7 EAST 27TH ST,NEW YORK,NY,10016,,
BRAS057,imperial,BRASSERIE 57 LLC,120 W 57TH ST,NEW YORK,NY,10019.0,,
BRC098,imperial,BROOKLYN ROASTING COMPANY,1 CLINTON ST BLDG 123,BROOKLYN,NY,11201,1912459.0,Brooklyn Roasting Company
BRO093,imperial,BROOKLYN ROASTING WORKS,"25 JAY STREET, SUITE 101",BROOKLYN,NY,11201,,
BRO097,imperial,BROOKLYN ROASTING WORKS LLC,200 FLUSHING AVE,BROOKLYN,NY,11205,1717328.0,Brooklyn Roasting Company - 200 Flushing
BRO110,imperial,BKLYN LARDER LLC.,"228 FLATBUSH AVE., ATTN: MANDY WYNN",BROOKLYN,NY,11217,1717291.0,BKLYN Larder
BROR98,imperial,BROOKLYN ROASTING,543 METROPOLITAN AVENUE,BROOKLYN,NY,11211,,
BUBA160,imperial,BUBA BUREKA,"BUREKA LLC, 18 EAST 16TH STREET #307",NEW YORK,NY,10003,,
BUO007,imperial,BUON ITALIA,"109 PORT JERSEY BLVD, DBA MISONO FOOD LTD",JERSEY CITY,NJ,07305,,
BWER001,imperial,WE R NUTS LLC,99 SEAVIEW BLVD STE 100,PORT WASHINGTON,NY,11050,,
C003771,imperial,CAMCO MGMT/HAWTHORNE LOFTS,511 WEST CHESTER PIKE,HAVERTOWN,PA,19083,,
C084258,imperial,HARWOOD HOUSE,9200 WEST CHESTER PIKE,UPPER DARBY,PA,19082,,
CAM003,imperial,CAMPBELL CHEESE & GROCERY,"CAMPBELL SISTERS LLC, 502 LORMER ST",BROOKLYN,NY,11211,,
CAM2009,imperial,CAMPBELL & COMPANY GREENPOINT,209 NASSAU AVE,BROOKLYN,NY,11222,,
CAS001,imperial,CASA MONO,"355 W 46TH ST, ATTN: AMY DELGADO",NEW YORK,NY,10036,,
CHA157,imperial,CHA CHA MATCHA,DOBACK ENTERPRISES LLC,NEW YORK,NY,10001,,
CHA162,imperial,CHA CHA MATCHA,922 BROADWAY,NEW YORK,NY,10010,,
CHA163,imperial,CHA CHA MATCHA-DUMBO,55 WATER STREET,BROOKLYN,NY,11201,3259803.0,NYC Department of Transportation
CHA477,imperial,CHA CHA MATCHA,"477 MADISON AVE, @ 51ST AND MADISON",NEW YORK,NY,10022,,
CHE554,imperial,CHERRY VALLEY,9453 CORONA AVE,ELMHURST,NY,11378,,
CHO1730,imperial,CHOPT CREATIVE SALAD CO LLC,"800 WESTCHESTER AVENUE, SUITE N-321",RYE BROOK,NY,10573,,
CHO17TH,imperial,CHOPT CREATIVE SALAD CO LLC,"800 WESTCHESTER AVENUE, SUITE N-321",RYE BROOK,NY,10573,,
CHO19L,imperial,CHOPT CREATIVE SALAD CO LLC,"800 WESTCHESTER AVENUE, SUITE N-321",RYE BROOK,NY,10573,,
CHO23RD,imperial,CHOPT CREATIVE SALAD CO LLC,"800 WESTCHESTER AVENUE, SUITE N-321",RYE BROOK,NY,10573,,
CHO43RD,imperial,CHOPT CREATIVE SALAD CO LLC,"800 WESTCHESTER AVENUE, SUITE N-321",RYE BROOK,NY,10573,,
CHO51ST,imperial,CHOPT CREATIVE SALAD CO LLC,"800 WESTCHESTER AVENUE, SUITE N-321",RYE BROOK,NY,10573,,
CHO56TH,imperial,CHOPT CREATIVE SALAD CO LLC,"800 WESTCHESTER AVENUE, SUITE N-321",RYE BROOK,NY,10573,,
CHO78TH,imperial,CHOPT CREATIVE SALAD CO LLC,"800 WESTCHESTER AVENUE, SUITE N-321",RYE BROOK,NY,10573,,
CHOANN,imperial,CHOPT CREATIVE SALAD CO LLC,"800 WESTCHESTER AVENUE, SUITE N-321",RYE BROOK,NY,10573,,
CHOARCH,imperial,CHOPT CREATIVE SALAD CO LLC,"800 WESTCHESTER AVENUE, SUITE N-321",RYE BROOK,NY,10573,,
CHOASTO,imperial,CHOPT CREATIVE SALAD CO LLC,"800 WESTCHESTER AVENUE, SUITE N-321",RYE BROOK,NY,10573,,
CHOBALL,imperial,CHOPT CREATIVE SALAD CO LLC,"800 WESTCHESTER AVENUE, SUITE N-321",RYE BROOK,NY,10573,,
CHOBETH,imperial,CHOPT CREATIVE SALAD CO LLC,"800 WESTCHESTER AVENUE, SUITE N-321",RYE BROOK,NY,10573,,
CHOBRY,imperial,CHOPT CREATIVE SALAD CO LLC,"800 WESTCHESTER AVENUE, SUITE N-321",RYE BROOK,NY,10573,,
CHOBRYN,imperial,CHOPT CREATIVE SALAD CO LLC,"800 WESTCHESTER AVENUE, SUITE N-321",RYE BROOK,NY,10573,,
CHOCHAR,imperial,CHOPT CREATIVE SALAD CO LLC,"800 WESTCHESTER AVENUE, SUITE N-321",RYE BROOK,NY,10573,,
CHOCHER,imperial,CHOPT CREATIVE SALAD CO LLC,"800 WESTCHESTER AVENUE, SUITE N-321",RYE BROOK,NY,10573.0,,
CHOCHIN,imperial,CHOPT CREATIVE SALAD CO LLC,"800 WESTCHESTER AVENUE, SUITE N-321",RYE BROOK,NY,10573,,
CHOCONG,imperial,CHOPT CREATIVE SALAD CO LLC,"800 WESTCHESTER AVENUE, SUITE N-321",RYE BROOK,NY,10573,,
CHODOBB,imperial,CHOPT CREATIVE SALAD CO LLC,"800 WESTCHESTER AVENUE, SUITE N-321",RYE BROOK,NY,10573,,
CHOESB,imperial,CHOPT CREATIVE SALAD CO LLC,"800 WESTCHESTER AVENUE, SUITE N-321",RYE BROOK,NY,10573,,
CHOGC,imperial,CHOPT CREATIVE SALAD CO LLC,"800 WESTCHESTER AVENUE, SUITE N-321",RYE BROOK,NY,10573,,
CHOGLAS,imperial,CHOPT CREATIVE SALAD CO LLC,"800 WESTCHESTER AVENUE, SUITE N-321",RYE BROOK,NY,10573,,
CHOGLEN,imperial,CHOPT CREATIVE SALAD CO LLC,"800 WESTCHESTER AVENUE, SUITE N-321",RYE BROOK,NY,10573,,
CHOGREE,imperial,CHOPT CREATIVE SALAD CO LLC,"800 WESTCHESTER AVENUE, SUITE N-321",RYE BROOK,NY,10573,,
CHOHUDS,imperial,CHOPT CREATIVE SALAD CO LLC,"800 WESTCHESTER AVENUE, SUITE N-321",RYE BROOK,NY,10573,,
CHOHYDE,imperial,CHOPT CREATIVE SALAD CO LLC,"800 WESTCHESTER AVENUE, SUITE N-321",RYE BROOK,NY,10573,,
CHOKENT,imperial,CHOPT CREATIVE SALAD CO LLC,"800 WESTCHESTER AVENUE, SUITE N-321",RYE BROOK,NY,10573,,
CHOKING,imperial,CHOPT CREATIVE SALAD CO LLC,"800 WESTCHESTER AVENUE, SUITE N-321",RYE BROOK,NY,10573,,
CHOKISC,imperial,CHOPT CREATIVE SALAD CO LLC,"800 WESTCHESTER AVENUE, SUITE N-321",RYE BROOK,NY,10573,,
CHOLIB,imperial,CHOPT CREATIVE SALAD CO LLC,"800 WESTCHESTER AVENUE, SUITE N-321",RYE BROOK,NY,10573.0,,
CHOMARL,imperial,CHOPT CREATIVE SALAD CO LLC,"800 WESTCHESTER AVENUE, SUITE N-321",RYE BROOK,NY,10573,,
CHOMCLE,imperial,CHOPT CREATIVE SALAD CO LLC,"800 WESTCHESTER AVENUE, SUITE N-321",RYE BROOK,NY,10573,,
CHOMETR,imperial,CHOPT CREATIVE SALAD CO LLC,"800 WESTCHESTER AVENUE, SUITE N-321",RYE BROOK,NY,10573,,
CHOMOR,imperial,CHOPT CREATIVE SALAD CO LLC,"800 WESTCHESTER AVENUE, SUITE N-321",RYE BROOK,NY,10573,,
CHOMOYN,imperial,CHOPT CREATIVE SALAD CO LLC,"800 WESTCHESTER AVENUE, SUITE N-321",RYE BROOK,NY,10573,,
CHONEWT,imperial,CHOPT CREATIVE SALAD CO LLC,"800 WESTCHESTER AVENUE, SUITE N-321",RYE BROOK,NY,10573,,
CHONYP,imperial,CHOPT CREATIVE SALAD CO LLC,"800 WESTCHESTER AVENUE, SUITE N-321",RYE BROOK,NY,10573,,
CHOOLNE,imperial,CHOPT CREATIVE SALAD CO LLC,"800 WESTCHESTER AVENUE, SUITE N-321",RYE BROOK,NY,10573,,
CHOPARK,imperial,CHOPT CREATIVE SALAD CO LLC,"800 WESTCHESTER AVENUE, SUITE N-321",RYE BROOK,NY,10573,,
CHOPENN,imperial,CHOPT CREATIVE SALAD CO LLC,"800 WESTCHESTER AVENUE, SUITE N-321",RYE BROOK,NY,10573,,
CHOPICK,imperial,CHOPT CREATIVE SALAD CO LLC,"800 WESTCHESTER AVENUE, SUITE N-321",RYE BROOK,NY,10573,,
CHOPIKE,imperial,CHOPT CREATIVE SALAD CO LLC,"800 WESTCHESTER AVENUE, SUITE N-321",RYE BROOK,NY,10573,,
CHOPINE,imperial,CHOPT CREATIVE SALAD CO LLC,"800 WESTCHESTER AVENUE, SUITE N-321",RYE BROOK,NY,10573,,
CHOPOTO,imperial,CHOPT CREATIVE SALAD CO LLC,"800 WESTCHESTER AVENUE, SUITE N-321",RYE BROOK,NY,10573,,
CHOPRIN,imperial,CHOPT CREATIVE SALAD CO LLC,"800 WESTCHESTER AVENUE, SUITE N-321",RYE BROOK,NY,10573,,
CHORICH,imperial,CHOPT CREATIVE SALAD CO LLC,"800 WESTCHESTER AVENUE, SUITE N-321",RYE BROOK,NY,10573,,
CHOROSL,imperial,CHOPT CREATIVE SALAD CO LLC,"800 WESTCHESTER AVENUE, SUITE N-321",RYE BROOK,NY,10573,,
CHOROSS,imperial,CHOPT CREATIVE SALAD CO LLC,"800 WESTCHESTER AVENUE, SUITE N-321",RYE BROOK,NY,10573,,
CHORYE,imperial,CHOPT CREATIVE SALAD CO LLC,"800 WESTCHESTER AVENUE, SUITE N-321",RYE BROOK,NY,10573,,
CHOSCAR,imperial,CHOPT CREATIVE SALAD CO LLC,"800 WESTCHESTER AVENUE, SUITE N-321",RYE BROOK,NY,10573,,
CHOSTAM,imperial,CHOPT CREATIVE SALAD CO LLC,"800 WESTCHESTER AVENUE, SUITE N-321",RYE BROOK,NY,10573,,
CHOTOWS,imperial,CHOPT CREATIVE SALAD CO LLC,"800 WESTCHESTER AVENUE, SUITE N-321",RYE BROOK,NY,10573,,
CHOTRI,imperial,CHOPT CREATIVE SALAD CO LLC,"800 WESTCHESTER AVENUE, SUITE N-321",RYE BROOK,NY,10573,,
CHOTSQ,imperial,CHOPT CREATIVE SALAD CO LLC,"800 WESTCHESTER AVENUE, SUITE N-321",RYE BROOK,NY,10573,,
CHOUNIO,imperial,CHOPT CREATIVE SALAD CO LLC,"800 WESTCHESTER AVENUE, SUITE N-321",RYE BROOK,NY,10573,,
CHOUWS,imperial,CHOPT CREATIVE SALAD CO LLC,"800 WESTCHESTER AVENUE, SUITE N-321",RYE BROOK,NY,10573,,
CHOVAR,imperial,CHOPT CREATIVE SALAD CO LLC,"800 WESTCHESTER AVENUE, SUITE N-321",RYE BROOK,NY,10573,,
CHOW56,imperial,CHOPT CREATIVE SALAD CO LLC,"800 WESTCHESTER AVENUE, SUITE N-321",RYE BROOK,NY,10573,,
CHOWFC,imperial,CHOPT CREATIVE SALAD CO LLC,"800 WESTCHESTER AVENUE, SUITE N-321",RYE BROOK,NY,10573,,
CHOWILD,imperial,CHOPT CREATIVE SALAD CO LLC,"800 WESTCHESTER AVENUE, SUITE N-321",RYE BROOK,NY,10573,,
CHOWILL,imperial,CHOPT CREATIVE SALAD CO LLC,"800 WESTCHESTER AVENUE, SUITE N-321",RYE BROOK,NY,10573,,
CHOWILS,imperial,CHOPT CREATIVE SALAD CO LLC,"800 WESTCHESTER AVENUE, SUITE N-321",RYE BROOK,NY,10573,,
CHOWOOD,imperial,CHOPT CREATIVE SALAD CO LLC,"800 WESTCHESTER AVENUE, SUITE N-321",RYE BROOK,NY,10573,,
CHOYORK,imperial,CHOPT CREATIVE SALAD CO LLC,"800 WESTCHESTER AVENUE, SUITE N-321",RYE BROOK,NY,10573,,
CIT043,imperial,CITY OF BAYONNE,"630 AVE C, PURCHASING DEPT ROOM 29",BAYONNE,NJ,7002.0,,
CJ00342,imperial,COUNTY OF SANTA CRUZ,"701 OCEAN STREET, DEPT OF PUBLIC WORKS - SAN",SANTA CRUZ,CA,95060,,
CJ00401,imperial,EVERGREEN SCHOOL DISTRICT,3188 QUIMBY ROAD,SAN JOSE,CA,95148,,
CJ00502,imperial,SCOTTS VALLEY UNIFIED S.D.,"108 WHISPERING PINES RD, SUITE 115",SCOTTS VALLEY,CA,95066,,
CJ00880,imperial,LUX BUS AMERICA,851 E CERRITOS AVE.,ANAHEIM,CA,92805,,
CJ1158,imperial,WESTERN STATES OIL,2709 TEAGARDENS STREET,SAN LEANDRO,CA,94577.0,,
CLW069,imperial,"CLW DISTRIBUTORS, INC.",110 SCHMITT BLVD,FARMINGDALE,NY,11735,,
CM02437,imperial,WIPKRIK INVESTMENT,"800 EAST CYPRESS CREEK ROAD, 4TH FLOOR",FT LAUDERDALE,FL,33334,,
COC001,imperial,COCOA BAKERY,475 CENTRAL AVENUE,JERSEY CITY,NJ,07307,1717425.0,COCOA BAKERY
COF063,imperial,"COFFEE LABS ROASTERS, INC.",ATTN: ALICIA,TARRYTOWN,NY,10591,,
CRA003,imperial,CRAVE FISH BAR,945 2ND AVE,NEW YORK,NY,10022,1717440.0,Crave Fish Bar Midtown
CTO105,imperial,C TOWN,"330 GRAHAM AVE, KIDS A.M.",BROOKLYN,NY,11211,,
CUB027,imperial,CUB MARKET,3203 RTE 212,BEARSVILLE,NY,12409,1717444.0,Cub Market
DARCOM,imperial,DARTCOR COMMISSARY,40 S JEFFERSON ROAD,WHIPPANY,NJ,07981,,
DEVO1,imperial,DEVOCION WILLIAMSBURG,69 GRAND STREET,BROOKLYN,NY,11249,3827673.0,Devocion - Williamsburgh
DEVO2,imperial,DEVOCION 20TH STREET LLC,"25 EAST 20TH STREET, FLATIRON",NEW YORK,NY,10003,3795234.0,Devocion - 20th St
DEVO3,imperial,DEVOCION LIVINGSTON LLC,276 LIVINGSTON STREET,BROOKLYN,NY,11217,,
DEVO4,imperial,DEVOCION DUMBO LLC,105 YORK STREET,BROOKLYN,NY,11201,,
DEVO5,imperial,DEVOCION LEXINGTON LLC,600 LEXINGTON AVENUE,NEW YORK,NY,10022,4530952.0,Devocion - lex
DEVO6,imperial,CAFÉ DEVOCION NOMAD,1134 BROADWAY,NEW YORK,NY,10010,5483134.0,Devocion - Nomad
DEVO7,imperial,DEVOCION GRAND LLC,148 GRAND STREET,BROOKLYN,NY,11249.0,,
DOS012,imperial,DT PARENT CO LLC,"800 WESTCHESTER AVENUE, SUITE N-321",RYE BROOK,NY,10573,,
DOS015,imperial,DT PARENT CO LLC,"800 WESTCHESTER AVENUE, SUITE N-321",RYE BROOK,NY,10573,,
DOS016,imperial,DT PARENT CO LLC,"800 WESTCHESTER AVENUE, SUITE N-321",RYE BROOK,NY,10573,,
DOS019,imperial,DT PARENT CO LLC,"800 WESTCHESTER AVENUE, SUITE N-321",RYE BROOK,NY,10573,,
DOS040,imperial,DT PARENT CO LLC,"800 WESTCHESTER AVENUE, SUITE N-321",RYE BROOK,NY,10573,,
DOS1115,imperial,DT PARENT CO LLC,"800 WESTCHESTER AVENUE, SUITE N-321",RYE BROOK,NY,10573,,
DOS237,imperial,DT PARENT CO LLC,"800 WESTCHESTER AVENUE, SUITE N-321",RYE BROOK,NY,10573,,
DOS315,imperial,DT PARENT CO LLC,"800 WESTCHESTER AVENUE, SUITE N-321",RYE BROOK,NY,10573,,
DOSBOER,imperial,DT PARENT CO LLC,"800 WESTCHESTER AVENUE, SUITE N-321",RYE BROOK,NY,10573.0,,
DOSCOL,imperial,DT PARENT CO LLC,"800 WESTCHESTER AVENUE, SUITE N-321",RYE BROOK,NY,10573,,
DRI1200,imperial,DRIFT RESTAURANT,1200 HARBOR BOULEVARD,WEEHAWKEN,NJ,7086.0,,
E120862,imperial,CRITICAL FACILITIES SOLUTIONS,"ENGINEERED DATA PRODUCTS HOLDI, 1850 LEFTHAND CIRCLE",LONGMONT,CO,80501.0,,
E126497,imperial,THE SPA AT AUBERGE,"2200 N OCEAN BLVD, PRH FAIRWINDS SPA LLC",FT LAUDERDALE,FL,33305,,
E129380,imperial,BOCA WEST COUNTRY CLUB,PO BOX 3070,BOCA RATON,FL,33431.0,,
E192858,imperial,BONDI SUSHI COMMISSARY,"959 WEST AVE, BONDI - 959 WEST AVE LLC",MIAMI BEACH,FL,33139-5201,,
E201840,imperial,AMERICAN HERITAGE SCHOOL,"12200 W BROWARD BLVD, AMERICAN LEARNING SYSTEMS INC",PLANTATION,FL,33325,,
E210357,imperial,BEST WESTERN PORT ST LUCIE,7900 S US HWY 1,PORT ST LUCIE,FL,34942.0,,
E226524,imperial,GULFSHORE PLAYHOUSE INC,"2640 GOLDEN GATE PKWY, STE 211",NAPLES,FL,34105,,
E228473,imperial,CARLISLE BARRACKS,"325 ENGINEER AVE, ATTN: ICELA WOODALL",CARLISLE,PA,17013,,
E228477,imperial,FAA CONCORD,201 JOHN GLENN DR,CONCORD,CA,94520,,
E229167,imperial,SUNLIFE ORGANICS 17 LLC,"1212 LINCOLN RD, STE 101",MIAMI BEACH,FL,33139,5080427.0,Sunlife Organics
E230100,imperial,BAHAMASAIR HOLDINGS LIMITED,"DOCTORS HOSPITAL W COMPLEX, BLAKE RD",NASSAU BAHAMAS,BH,,,
E230117,imperial,INDEPENDENCE BY COMMUNITY ASSN,1776 INDEPENDENCE DRIVE,DEERFIELD BEACH,FL,33442.0,,
E230171,imperial,PLANTA BETHESDA,"NEW PLANTA BETHESDA LLC, 4910 ELM ST",BETHESDA,MD,20814,,
E230624,imperial,"SUNLIFE ORGANICS 27, LLC","635 HIBISCUS STREET, STE 575C",WEST PALM BEACH,FL,33401.0,5080427.0,Sunlife Organics
E232183,imperial,PRIME ONE TWELVE,"112 OCEAN DR, PRIME 112 LLC",MIAMI BEACH,FL,33139,,
E232224,imperial,PRIME HOTEL,100 OCEAN DR,MIAMI BEACH,FL,33139.0,,
E233171,imperial,PRIME ITALIAN,"101 OCEAN DR, UNO RESTAURANT ASSOCIATES INC",MIAMI BEACH,FL,33139.0,,
E234048,imperial,MATTEO'S RESTAURANT,1201 US HIGHWAY 1-CRYSTAL COMM,N.PALM BEACH,FL,33408,,
E234270,imperial,CASA CRUDO,"601 N FEDERAL HWY STE 109, CASA PESCADO LLC",HALLANDALE BEACH,FL,33009,,
E235305,imperial,FIRST DANIA BEACH LLC,101 SW 1ST STREET,DANIA BEACH,FL,33004.0,,
E250049,imperial,PLANNED BUILDING SERVICES,11820 MIRAMAR PKWY STE 123,MIRAMAR,FL,33025,,
E278873,imperial,WE TAKE THE CAKE,"1211 NE 9TH AVE, FG FOOD SERVICES LLC",FORT LAUDERDALE,FL,33304,,
E282925,imperial,YWCA/CAROL CENTER,112 NW 3RD ST,MIAMI,FL,33128,,
E288862,imperial,INTERNATIONAL SUPPORT GROUP,9050 PINES BLVD STE 150,PEMBROKE PINES,FL,33024.0,,
E288884,imperial,MOTEK SOUTH BEACH,"36 NE 1ST ST STE 1009, HAPPY CORNER CAKE LLC",MIAMI,FL,33132,,
E305935,imperial,JEFCO,25 DICKINSON ROAD,KENDALL PARK,NJ,08824,,
E307070,imperial,ROSSMOOR E & R,"ATTN:JESSICA ROBERTS, 2 ROSSMOOR DR",MONROE TWP,NJ,8831.0,,
E325973,imperial,"MOTEK BOCA RATON, LLC",5377 TOWN CENTER RD,BOCA RATON,FL,33486.0,,
E688011,imperial,WILD GINGER,"3311 CHURCH RD, STE 200",HENRICO,VA,23233,,
E688126,imperial,PBR-2,9325 CHAMBERLAYNE RD,MECHANICSVILLE,VA,23116.0,,
E764170,imperial,CENTENNIAL PLAZA,200 EAST BEACH BLVD,GULFPORT,MS,39507,,
E764213,imperial,OCEAN SPRINGS ELKS LODGE,2501 BEACHVIEW AVE,OCEAN SPRINGS,MS,39564,,
E764839,imperial,JACK'S BY THE TRACKS,709 KREBS AVE,PASCAGOULA,MS,39567.0,,
E797666,imperial,DALCO IMPERIAL DADE,300 5TH AVENUE NW,NEW BRIGHTON,MN,55112,,
E801370,imperial,NOBU 195 LLC,195 BROADWAY,NEW YORK,NY,10007,,
E801632,imperial,FASANO RESTAURANT NEW YORK,280 PARK AVENUE,NEW YORK,NY,10017,,
E801760,imperial,NOBU MIAMI,4525 COLLINS AVENUE,MIAMI BEACH,FL,33140.0,,
E801779,imperial,GERTIE,357 GRAND STREET,BROOKLYN,NY,11211,,
E825871,imperial,MITA,804 V ST NW,WASHINGTON,DC,20001,,
E863127,imperial,FUNNY BONE RICHMOND,"TMLK INC, 11800 W BROAD STREET STE 1090",RICHMOND,VA,23233,,
E894082,imperial,AUTOGRO/VERA CADILLAC-BUICK-GM,"VERA AUTOMOTIVE, INC., 300 S UNIVERSITY DR",PEMBROKE PINES,FL,33025,,
E954883,imperial,BEACH CLUB MASTER ASSOC,"C/O MARQUIS ASSOCIATION MGMT, 1850 S OCEAN DR",HALLANDALE,FL,33009.0,,
EAR308,imperial,EARLY GIRL FARM LLC,279 SOUTH COUNTRY ROAD,BROOKHAVEN,NY,11719,,
EB00170,imperial,CW RESOURCES,200 MYRTLE ST,NEW BRITAIN,CT,06053,,
EB00467,imperial,FARMINGTON BOARD OF EDUCATION,1 MONTEITH DRIVE,FARMINGTON,CT,06032-1041,,
EB07034,imperial,EMERALD BUSINESS SUPPLIES,4807 ASHBURNER STREET,PHILADELPHIA,PA,19136,,
EB08059,imperial,FOUR SEASONS AT GREAT NOTCH,101 FOUR SEASONS BLVD,WOODLAND PARK,NJ,07424,,
EB36127,imperial,OCEAN HOUR FARM - CULINARY,"OCEAN HOUR FARM LLC, 152 HARRISON AVE",NEWPORT,RI,02840,,
EBHOUSA,imperial,HOUSATONIC COUNCIL INC,111 NEW HAVEN AVE,DERBY,CT,06418,,
EBOC302,imperial,OPPORTUNITY CTR/SERVICE SOURCE,"13 READS WAY, NSC 631009734",NEW CASTLE,DE,19720,,
EBSUC0,imperial,STUDY AT UNIVERSITY CITY,"20 SOUTH 33RD STREET, STUDY PHILADELPHIA OPERATING",PHILADELPHIA,PA,19104,,
EBSUC01,imperial,STUDY CHICAGO OPERATING LLC,"THE STUDY AT UNIV OF CHICAGO, 1227 E 60TH ST",CHICAGO,IL,60637,,
EHI001,imperial,"EVELYN HILL, INC",LIBERTY ISLAND,NEW YORK,NY,10004,1717521.0,Evelyn Hill Inc. - Statue of Liberty
EHI002,imperial,EVELYN HILL @ LIBERTY ISLAND,1 LIBERTY ISLAND,NEW YORK,NY,10004,,
ELIT14,imperial,ELITE SERVICE GROUP,"37 WEST 28TH ST, 4TH FLOOR",NEW YORK,NY,10001,,
EM072,imperial,CHAMPION HOME BUILDERS INC,299 N SMITH AVE,CORONA,CA,92880,,
ESP141,imperial,ESPLANADE SENIOR RESIDENCES,1415 RICHMOND AVE,STATEN ISLAND,NY,10314,,
FAR052,imperial,FARM TO PEOPLE,"PO BOX 370595, FARM TO PEOPLE LLC",BROOKLYN,NY,11237,5470861.0,Farm to People
FB0537,imperial,LEVY RESTAURANTS BARCLAYS,"CUS-344847, 980 N MICHIGAN AVE",CHICAGO,IL,60611-4501,,
FIS023,imperial,CRAVE FISHBAR-UPPER WESTSIDE,428 AMSTERDAM AVE,NEW YORK,NY,10024,,
FOO044,imperial,FOODTOWN OF RIVERDALE,"5555 BROADWAY, KINGSBRIDGE MARKETPLACE CORP",BRONX,NY,10463.0,,
FOOD54,imperial,FOODTOWN,905 FRANKLIN AVE,BROOKLYN,NY,11225,,
FURN180,imperial,1800 FURNISH INC.,"450 FASHION AVE., 14TH FLOOR",NY,NY,10123,,
G14601N,imperial,GDI SERVICES INC,"24300 SOUTHFIELD RD SUITE 300, NSA GDI",SOUTHFIELD,MI,48075,,
G9149N,imperial,GDI SERVICES INC,"24300 SOUTHFIELD RD SUITE 300, NSA GDI NON-TAX",SOUTHFIELD,MI,48075,,
GAR027,imperial,GARDEN CAFE,6 OLD FORGE ROAD,WOODSTOCK,NY,12498,1717558.0,Garden Cafe
GC90953,imperial,GREAT ESCAPES RV RESORT N TEX,2730 FM 2210 E,PERRIN,TX,76486,,
GOO027,imperial,GOOD NIGHT,15 ROCK CITY ROAD,WOODSTOCK,NY,12498,3827665.0,Good-Night
GOW051,imperial,GOWANUS HOSPITALITY,"450 UNION INC, 452 UNION STREET",BROOKLYN,NY,11231,1717575.0,Gowanus Hospitality
GRA058,imperial,GRAND SK CORP.,"33-49 WEHLAN RD, ATTN: JERRY KIM",EAST RUTHERFORD,NJ,07073,1912469.0,Grand SK Corp
GRA060,imperial,GRAND SK CORP.,33-49 WHELAN ROAD,EAST RUTHERFORD,NJ,07073,1912469.0,Grand SK Corp
GRA160,imperial,GRAND BANKS,228 PARK AVE SOUTH NO 49181,NEW YORK,NY,10003-1502,1711255.0,Grand Banks
GRE002,imperial,GREENWICH COUNTRY DAY SCHOOL,"P.O. BOX 623, ATTN:",GREENWICH,CT,06836,1711262.0,Greenwich Country Day School
GRE031,imperial,GREEN & TONIC-GREENWICH,20 ACOSTA STREET,STAMFORD,CT,06902,1717579.0,Green and Tonic - Greenwich [closed]
GRO008,imperial,GROUND SUPPORT,399 WEST BROADWAY,NEW YORK,NY,10012,,
GRO045,imperial,GROCERS LUNCH,"378 METROPOLITAN AVENUE, CSG NORTHSIDE AVENUE CLUB INC",BROOKLYN,NY,11211,,
GULF10,imperial,GULF COAST,"PO BOX 4227, **NO FREIGHT FEES**",VICTORIA,TX,77903,,
HEA024,imperial,HEARTH RESTAURANT,403 EAST 12TH STREET,NEW YORK,NY,10009,1711278.0,HEARTH RESTAURANT
HER031,imperial,HERITAGE GRAND BAKERY,8 W 40TH ST,NEW YORK,NY,10018,1711287.0,Imperial Bag & Paper
HKF1868,imperial,"KEY FOOD COOPERATIVE, INC.","ATTENTION: MARIO, 1200 SOUTH AVENUE",STATEN ISLAND,NY,10314,,
HKF1922,imperial,"KEY FOOD COOPERATIVE, INC.","ATTENTION: MARIO, 1200 SOUTH AVENUE",STATEN ISLAND,NY,10314,,
HKF2314,imperial,"KEY FOOD COOPERATIVE, INC.","ATTENTION: MARIO, 100 MATAWAN ROAD",MATAWAN,NJ,7747.0,,
HOLY160,imperial,HOLYWATER,"228 PARK AVE SOUTH NO 49181, BASEMENT DELIVERY",NEW YORK,NY,10003-1502,,
HOM045,imperial,HOMETOWN BAR-B-QUE,"MAJOR OTIS LLC., 454 VAN BRUNT ST.",BROOKLYN,NY,11231,,
HOM046,imperial,HOMETOWN BAR-B-QUE,"MAJOR OTIS LLC., 454 VAN BRUNT ST.",BROOKLYN,NY,11231,,
HON611,imperial,HONEYBRAINS 49TH ST,"611 5TH AVE, 5TH FL",NEW YORK,NY,10019,,
IGG140,imperial,IGGY'S BREAD LTD,130 FAWCETT STREET,CAMBRIDGE,MA,02138,,
INF098,imperial,INFANT JESUS R.C. CHURCH,110 MYRTLE AVE,PORT JEFFERSON,NY,11777,,
ISL160,imperial,ISLAND OYSTER,"228 PARK AVE SOUTH NO 49181, LAST FERRY 9AM",NEW YORK,NY,10003-1502,1711289.0,Island Oyster
J535136,imperial,BROADWAY DANCE WEST 65TH LLC,"321 WEST 44TH STREET, SUITE 511",NEW YORK,NY,10036,,
J555125,imperial,PRINCESS MANOR,92 NASSAU AVENUE,BROOKLYN,NY,11222,,
J560120,imperial,THE NEW JERUSALEM CHURCH,130-08 SPRINGFIELD BLVD,JAMAICA,NY,11413,,
JAEG27,imperial,JAEGER HAUS,5084 ROUTE 9G,TRIVOLI,NY,12583,1717639.0,JAEGER HAUS
JCC004,imperial,JCC MAINTENANCE SUPPLY LLC,20-28 119TH STREET,COLLEGE POINT,NY,11356,,
JCF025,imperial,THE EAST HARLEM SCHOOL,"309 EAST 103RD STREET, EXODUS HOUSE",NEW YORK,NY,10029,1717506.0,East Harlem School
JD04278,imperial,"BLDG MANAGEMENT CO., INC.","417 5TH AVENUE, 4TH FLOOR",NEW YORK,NY,10016,,
JD04609,imperial,ALLIANCE BUILDING SERVICES,POST OFFICE BOX 37510,CHARLOTTE,NC,28237,,
JD04753,imperial,S.L. GREEN MANAGEMENT,"POST OFFICE BOX 37510, ATTN: C/O ALLIANCE MAINTENANCE",CHARLOTTE,NC,28237,,
JD05513,imperial,140-144 TRENCHARD ST. CORP.,12 FAWN LANE,ARMONK,NY,10504,,
JD05791,imperial,THE CHELSEA MERCANTILE CONDOMI,P.O. BOX 30276,CHARLOTTE,NC,28230,,
JD05884,imperial,LCOR INCORPORATED,850 CASSATT ROAD STE 300,BERWYN,PA,19312-2705,,
JD06312,imperial,METROPOLITAN CLEANING LLC,P.O. BOX 33402,CHARLOTTE,NC,28233,,
JD07003,imperial,438 EAST 12TH STREET CONDOMINI,P.O.BOX 36096,CHARLOTTE,NC,28236,,
JD07662,imperial,BLACKSTONE CONSULTING INC.,11726 SAN VICENTE BLVD. STE550,LOS ANGELES,CA,90049,,
JHR020,imperial,JEWISH HOME AT ROCKLEIGH,"10 LINK DRIVE, PREMIER 369604540",ROCKLEIGH,NJ,07647,5501139.0,Jewish Home At Rockleigh
JOE0010,jtj,JOE & THE JUICE NEW YORK LLC,"110 GREENE STREET, UNIT 702",NEW YORK,NY,10012,,
JOE0315,jtj,JOE & THE JUICE NEW YORK LLC,"110 GREENE STREET, UNIT 702",NEW YORK,NY,10012,,
JOE08,jtj,JOE & THE JUICE NEW YORK LLC,"110 GREENE STREET, UNIT 702",NEW YORK,NY,10012,,
JOE1000,jtj,JOE & THE JUICE NEW YORK LLC,110 GREENE STREET,NEW YORK,NY,10012,1711297.0,Joe & the Juice
JOE1030,jtj,JOE & THE JUICE NEW YORK LLC,110 GREENE STREET,NEW YORK,NY,10012,1711297.0,Joe & the Juice
JOE1100,jtj,JOE & THE JUICE NEW YORK LLC,"110 GREENE STREET, UNIT 702",NEW YORK,NY,10012,,
JOE1185,jtj,JOE & THE JUICE NEW YORK LLC,"110 GREENE STREET, UNIT 702",NEW YORK,NY,10012,,
JOE1215,jtj,JOE & THE JUICE NEW YORK LLC,110 GREENE STREET,NEW YORK,NY,10012,1711297.0,Joe & the Juice
JOE1451,jtj,JOE & THE JUICE NEW YORK LLC,110 GREENE STREET,NEW YORK,NY,10012,1711297.0,Joe & the Juice
JOE1500,jtj,JOE & THE JUICE NEW YORK LLC,"110 GREENE STREET, UNIT 702",NEW YORK,NY,10012,,
JOE1600,jtj,JOE & THE JUICE NEW YORK LLC,110 GREEN STREET,NEW YORK,NY,10012,,
JOE1770,jtj,JOE & THE JUICE NEW YORK LLC,110 GREENE STREET,NEW YORK,NY,10012,1711297.0,Joe & the Juice
JOE1801,jtj,JOE & THE JUICE NEW YORK LLC,"110 GREENE STREET, UNIT 702",NEW YORK,NY,10012,,
JOE1950,jtj,JOE & THE JUICE NEW YORK LLC,110 GREENE STREET,NEW YORK,NY,10012,1711297.0,Joe & the Juice
JOE2000,jtj,JOE & THE JUICE NEW YORK LLC,110 GREENE STREET,NEW YORK,NY,10012,1711297.0,Joe & the Juice
JOE215,jtj,JOE & THE JUICE NEW YORK LLC,"110 GREENE STREET, UNIT 702",NEW YORK,NY,10012,,
JOE2315,jtj,JOE & THE JUICE NEW YORK LLC,110 GREENE STREET,NEW YORK,NY,10012,1711297.0,Joe & the Juice
JOE233,jtj,JOE & THE JUICE NEW YORK LLC,"110 GREENE STREET, UNIT 702",NEW YORK,NY,10012,,
JOE2811,jtj,JOE & THE JUICE NEW YORK LLC,"110 GREENE STREET, UNIT 702, JOE & THE JUICE",NEW YORK,NY,10012,,
JOE2960,jtj,JOE & THE JUICE NEW YORK LLC,110 GREENE STREET,NEW YORK,NY,10012,1711297.0,Joe & the Juice
JOE300,jtj,JOE & THE JUICE NEW YORK LLC,110 GREENE STREET,NEW YORK,NY,10012,1711297.0,Joe & the Juice
JOE304,jtj,JOE & THE JUICE NEW YORK LLC,"110 GREENE STREET, UNIT 702",NEW YORK,NY,10012,,
JOE357,jtj,JOE & THE JUICE NEW YORK LLC,"110 GREENE STREET, UNIT 702",NEW YORK,NY,10012,,
JOE400,jtj,JOE & THE JUICE NEW YORK LLC,"110 GREENE STREET, UNIT 702",NEW YORK,NY,10012,,
JOE4300,jtj,JOE & THE JUICE NEW YORK LLC,110 GREENE STREET,NEW YORK,NY,10012,1711297.0,Joe & the Juice
JOE4740,jtj,JOE & THE JUICE NEW YORK LLC,"110 GREEN STREET, UNIT 702",NEW YORK,NY,10012,,
JOE5350,jtj,JOE & THE JUICE NEW YORK LLC,"110 GREENE STREET, UNIT 702",NEW YORK,NY,10012,,
JOE5750,jtj,JOE & THE JUICE NEW YORK LLC,"110 GREEN STREET, UNIT 702",NEW YORK,NY,10012,,
JOE6501,jtj,JOE & THE JUICE NEW YORK LLC,110 GREENE STREET,NEW YORK,NY,10012,1711297.0,Joe & the Juice
JOE7263,jtj,JOE & THE JUICE NEW YORK LLC,110 GREENE STREET,NEW YORK,NY,10012,1711297.0,Joe & the Juice
JOE929,jtj,JOE & THE JUICE NEW YORK LLC,"110 GREENE STREET, UNIT 702",NEW YORK,NY,10012,,
JOE980,jtj,JOE & THE JUICE NEW YORK LLC,"110 GREENE STREET, UNIT 702",NEW YORK,NY,10012,,
JTJ0067,jtj,JOE & THE JUICE NEW YORK LLC,"110 GREENE STREET, UNIT 702",NEW YORK,NY,10012,,
JTJ040,jtj,JOE & THE JUICE NEW YORK LLC,"110 GREENE STREET, UNIT702",NEW YORK,NY,10012,,
JTJ045,jtj,JOE & THE JUICE NEW YORK LLC,"110 GREENE STREET, UNIT 702, DBA JOE & THE JUICE",NEW YORK,NY,10012,,
JTJ067,jtj,JOE & THE JUICE NEW YORK LLC,"110 GREENE STREET, UNIT 702",NEW YORK,NY,10012,,
JTJ1114,jtj,JOE & THE JUICE NEW YORK LLC,"110 GREENE STREET, UNIT 702",NEW YORK,NY,10012,,
JTJ116,jtj,JOE & THE JUICE NEW YORK LLC,"110 GREENE STREET, UNIT 702, JOE & THE JUICE",NEW YORK,NY,10012,,
JTJ1165,jtj,JOE & THE JUICE NEW YORK LLC,110 GREENE STREET UNIT702,NEW YORK,NY,10012,,
JTJ1166,jtj,JOE & THE JUICE NEW YORK LLC,"110 GREENE STREET, UNIT 702",NEW YORK,NY,10012,,
JTJ1202,jtj,JOE & THE JUICE NEW YORK LLC,"JOE & THE JUICE NEW YORK LLC, 110 GREENE ST",NEW YORK,NY,10012,,
JTJ1320,jtj,JOE & THE JUICE NEW YORK LLC,"110 GREENE STREET, UNIT 702",NEW YORK,NY,10012,,
JTJ1350,jtj,JOE & THE JUICE NEW YORK LLC,"110 GREENE STREET, UNIT 702",NEW YORK,NY,10012,,
JTJ1400,jtj,JOE & THE JUICE NEW YORK LLC,"110 GREENE STREET, UNIT 702",NEW YORK,NY,10012,,
JTJ161,jtj,JOE & THE JUICE NEW YORK LLC,"110 GREENE STREET, UNIT 702",NEW YORK,NY,10012,,
JTJ1758,jtj,JOE & THE JUICE NEW YORK LLC,"110 GREENE STREET, UNIT 702",NEW YORK,NY,10012,,
JTJ2460,jtj,JOE & THE JUICE NEW YORK LLC,"110 GREENE STREET, UNIT 702",NEW YORK,NY,10012,,
JTJ247,jtj,JOE & THE JUICE NEW YORK LLC,"110 GREENE STREET, UNIT 702",NEW YORK,NY,10012,,
JTJ2623,jtj,JOE & THE JUICE NEW YORK LLC,"JOE & THE JUICE NEW YORK LLC, 110 GREENE ST",NEW YORK,NY,10012,,
JTJ285,jtj,JOE & THE JUICE NEW YORK LLC,"110 GREENE STREET, UNIT 702",NEW YORK,NY,10012,,
JTJ295,jtj,JOE & THE JUICE NEW YORK LLC,"110 GREENE STREET, UNIT 702",NEW YORK,NY,10012,,
JTJ300,jtj,JOE & THE JUICE NEW YORK LLC,110 GREENE STREET,NEW YORK,NY,10012,1711297.0,Joe & the Juice
JTJ322,jtj,JOE & THE JUICE NEW YORK LLC,"110 GREENE STREET, UNIT 702",NEW YORK,NY,10012,,
JTJ343,jtj,JOE & THE JUICE NEW YORK LLC,"110 GREENE STREET, UNIT 702",NEW YORK,NY,10012,,
JTJ425,jtj,JOE & THE JUICE NEW YORK LLC,"110 GREENE STREET, UNIT 702",NEW YORK,NY,10012,,
JTJ430,jtj,JOE & THE JUICE NEW YORK LLC,"110 GREENE STREET, UNIT 702",NEW YORK,NY,10012,,
JTJ549,jtj,JOE & THE JUICE NEW YORK LLC,110 GREENE STREET,NEW YORK,NY,10012,1711297.0,Joe & the Juice
JTJ666,jtj,JOE & THE JUICE NEW YORK LLC,"110 GREENE STREET, UNIT 702",NEW YORK,NY,10012,,
JTJ701,jtj,JOE & THE JUICE NEW YORK LLC,"110 GREENE STREET, UNIT 702, JOE & THE JUICE",NEW YORK,NY,10012,,
JTJ801,jtj,JOE & THE JUICE NEW YORK LLC,"110 GREENE STREET, UNIT 702",NEW YORK,NY,10012,,
JTJ845,jtj,JOE & THE JUICE NEW YORK LLC,"JOE & THE JUICE NEW YORK LLC, 110 GREENE ST",NEW YORK,NY,10012,,
JTJ909,jtj,JOE & THE JUICE NEW YORK LLC,"110 GREENE STREET, UNIT 702, JOE & THE JUICE",NEW YORK,NY,10012,,
JTJ993,jtj,JOE & THE JUICE NEW YORK LLC,"110 GREENE STREET, UNIT 702",NEW YORK,NY,10012,,
JUB145,imperial,JUBILEE MARKETPLACE,145 WEST ST,BROOKLYN,NY,11222,,
JUI001,imperial,COOLER CLEANSE,"122 E. 42ND STREET, SUITE 3905",NEW YORK,NY,10168,1717435.0,Cooler Cleanse
JUI002,imperial,COOLER CLEANSE,"122 E. 42ND STREET, SUITE 3905",NEW YORK,NY,10168,1717435.0,Cooler Cleanse
JUI007,imperial,JUICE GENERATION 7 (BROADWAY),"122 E. 42ND STREET, SUITE 3905",NEW YORK,NY,10168,1711304.0,JUICE GENERATION
JUI011,imperial,JUICE GENERATION 5 (3RD AVE),"122 E. 42ND STREET, SUITE 3905, ATTN: MARIA",NEW YORK,NY,10168,1711304.0,JUICE GENERATION
JUI018,imperial,JUICE GENERATION 6 (COLUMBUS),"122 E. 42ND STREET, SUITE 3905",NEW YORK,NY,10168,1711304.0,JUICE GENERATION
JUI027,imperial,JUICE GENERATION 9 (23RD ST)JU,"122 E. 42ND STREET, SUITE 3905",NEW YORK,NY,10168,1711304.0,JUICE GENERATION
JUI033,imperial,JUICE GENERATION 8 (42ND ST),"122 E. 42ND STREET, SUITE 3905, 122 E. 42ND STREET, SUITE 3905",NEW YORK,NY,10168,1711304.0,JUICE GENERATION
JUI034,imperial,JUICE GENERATION 10 (WLMSBURG),"122 E. 42ND STREET, SUITE 3905",NEW YORK,NY,10168,1711304.0,JUICE GENERATION
JUI037,imperial,JUICE GENERATION (E18 ST),"122 E 42ND ST, , SUITE 3905",NEW YORK,NY,10168,1711304.0,JUICE GENERATION
JUI038,imperial,JUICE GENERATION (MAIDEN LN),"122 EAST 42ND ST, SUITE 3905",NEW YORK,NY,10168,1711304.0,JUICE GENERATION
JUI039,imperial,JUICE GENERATION (599 LEX),"122 EAST 42ND ST, SUITE 3905",NEW YORK,NY,10168,1711304.0,JUICE GENERATION
JUI044,imperial,JUICE GENERATION 16 (BLEEKER),"122 E. 42ND STREET, SUITE 3905, JUICE GENERATION 16, INC",NEW YORK,NY,10068,1711304.0,JUICE GENERATION
JUI046,imperial,JUICE GENERATION- TIMES SQUARE,"122 EAST 42ND ST, STE 3905",NEW YOR,NY,10168,1711304.0,JUICE GENERATION
JUI054,imperial,JUICE GENERATION (PARK AVE),"122 EAST 42ND ST, SUITE 3905",NEW YORK,NY,10168,1711304.0,JUICE GENERATION
JUI056,imperial,JUICE GENERATION 22 (COURT ST),"122 EAST 42ND ST, SUITE 3905",NEW YORK,NY,10168,1711304.0,JUICE GENERATION
JUI1186,imperial,JUICE GENERATION 21,122 EAST 42ND ST STE 3905,NEW YORK,NY,10168,1711304.0,JUICE GENERATION
JUI122,imperial,JUICE GENERATION #19 (ASTOR),"122 EAST 42ND ST, SUITE 3905",NEW YORK,NY,10168,1711304.0,JUICE GENERATION
JUI350,imperial,JUICE GENERATION 23,122 E 42ND ST STE 3905,NEW YORK,NY,10168,1711304.0,JUICE GENERATION
JUL006,imperial,GREENE GRAPE (THE),"767 FULTON STREET, JULINA INC.",BROOKLYN,NY,11217,,
KBB027,imperial,KINGSTON BREAD & BAR INC,82 JOHN ST,KINGSTON,NY,12401,,
KIM211,imperial,KIMBERTON WHOLE FOODS INC,PO BOX 760,KIMBERTON,PA,19442,,
KOS002,imperial,KOSSARS,367 GRAND STREET,NEW YORK,NY,10002,,
KR90113,imperial,ST OF WI -WAUPUN STATE FARM,STATE OF WI - WISBUY ORDERS,MADISON,WI,53703,,
LAG012,imperial,LA GRAN URUGUAYA BAKERY,"85-06 37TH AVENUE, LA GRAN URUGUAYA BAKER INC.",JACKSON HEIGHTS,NY,11372.0,,
LB1001,imperial,LITTLE BEET W50,"135 W 50TH ST, LB SUB W50, LLC",NEW YORK,NY,10020,5501146.0,Little Beet
LB1002,imperial,LITTLE BEET 630 OLD COUNTRY,"630 OLD COUNTRY ROAD, LB SUB RF MALL, LLC",GARDEN CITY,NY,11530,5501146.0,Little Beet
LB1003,imperial,LITTLE BEET 320PARK,"320 PARK AVENUE, LB SUB 320 PARK ,LLC",NEW YORK,NY,10022,5501146.0,Little Beet
LB1005,imperial,LITTLE BEET 1140 BROADWAY,"1140 BROADWAY, LB SUB 1140 BROADWAY ,LLC",NEW YORK,NY,10001,1717724.0,Little Beet 1140 Broadway
LB1009,imperial,LITTLE BEET 125 WESTCHESTER,"125 WESTCHESTER AVE, LB SUB WESTCHESTER MALL, LLC",WHITE PLAINS,NY,10601,5501146.0,Little Beet
LB1010,imperial,LITTLE BEET BRYANT PARK,"111 W 40TH STREETT, LB SUB BRYANT PARK ,LLC",NEW YORK,NY,10020,5472682.0,The Little Beet  Bryant park
LB1011,imperial,LITTLE BEET 125 PARK,"125 PARK AVE, LB SUB GRAND CENTRAL, LLC",NEW YORK,NY,10017,3025168.0,Little Beet 125 Park
LB1013,imperial,LITTLE BEET NEWPORT,"30 MALL DRIVE W, LB SUB NEWPORT NJ, LLC",JERSEY CITY,NJ,07310,5501146.0,Little Beet
LB1019,imperial,LITTLE BEET 635 POST,"635 POST ROAD E, LB SUB WESTPORT CT,LLC",WEST PORT,CT,68800,5501146.0,Little Beet
LB1022,imperial,LITTLE BEET 495 K,"495 K STREET NW, LB SUB CITY VISTA-DC ,LLC",WASHINGTON,DC,20001,5501146.0,Little Beet
LBE1021,imperial,LITTLE BEET 1291 1ST,"1291 1ST AVE., LB SUB LENOX HILL. LLC",NEW YORK,NY,10021,5501146.0,Little Beet
LBT1001,imperial,LITTLE BEET 333 PARK AVE,"333 PARK AVE SOUTH, LB SUB TABLE BY LITTLE BEET,LL",NEW YORK,NY,10010,5501146.0,Little Beet
LEB127,imperial,LE BOTANISTE,"833 LEXINGTON AVENUE, BOTANICUS GRAND INC.",NEW YORK,NY,10065,,
LECPEN,imperial,LE CAFE PENN PLAZA,"1 PENN PLAZA, CONCOURSE C113",NEW YORK,NY,10119,,
LEO008,imperial,LEO'S BAGELS,"3 HANOVER SQUARE, ATTN: ADAM POMERANTZ",NEW YORK,NY,10004,1717717.0,Leo's Bagels
LEP0635,lpq,LE PAIN QUOTIDIEN WESTPORT,"635 POST RD E, APQ WESTPORT CT, LLC",WESTPORT,CT,6880,,
LIG031,imperial,LIGHTHOUSE,"145 BORINQUEN PLACE, CROW AND CHICK LLC",BROOKLYN,NY,11211,1711320.0,Lighthouse
LIM052,imperial,L'IMPRIMERIE,"IMPRINTED FOOD CORPORATION, 1524 MYRTLE AVE",BROOKLYN,NY,11237,1711315.0,L'Imprimerie
LITE27,imperial,LITTLE EGG,657 WASHINGTON AVE,BROOKLYN,NY,11238,4470862.0,Little Egg
LPQ100,lpq,LE PAIN QUOTIDIEN COMMISSARY,"56 WEST 22ND STREET 2ND FLOOR, LPQ100",NEW YORK,NY,10010,4117996.0,Le Pain Quotidien Commissary
LPQ114,lpq,LEPAIN QUOTIDIEN 1131 MADISON,56 WEST 22ND STREET 2ND FLOOR,NEW YORK,NY,10010,4078569.0,Le Pain Quotiden 1131 Madison #314
LPQ118,lpq,LEPAIN QUOTIDIEN 1270 FIRST AV,56 WEST 22ND STREET 2ND FLOOR,NEW YORK,NY,10010,3449383.0,Le Pain Quotidien First Ave
LPQ123A,lpq,LE PAIN QUOTIDIEN 60 WEST 65,56 WEST 22ND STREET 2ND FLOOR,NEW YORK,NY,10010,,
LPQ127,lpq,LEPAIN QUOTIDIEN 70 W40 BRYANT,"56 WEST 22ND STREET 2ND FLOOR, BRYANT PARK",NEW YORK,NY,10010,,
LPQ130,lpq,LE PAIN QUOTIDIEN 81W BWAY TRI,"56 WEST 22ND STREET 2ND FLOOR, TRIBECA",NEW YORK,NY,10010,,
LPQ134,lpq,LEPAIN QUOTIDIEN 2W69 MINERAL,"56 WEST 22ND STREET 2ND FLOOR, MINERALSPRINGS",NEW YORK,NY,10010,,
LPQ136,lpq,LEPAIN QUOTIDIEN 1309 LEX CARN,"56 WEST 22ND STREET 2ND FLOOR, CARNEGIE HILL",NEW YORK,NY,10010,3449386.0,Le Pain Quotidien Carnegie
LPQ142,lpq,LE PAIN QUOTIDIEN STORE #142L,56 WEST 22ND STREET 2ND FLOOR,NEW YORK,NY,10010,,
LPQ144,imperial,PQ 97TH & MADSION STREET #144,"50 BROAD STREET, 12TH FLOOR",NEW YORK,NY,10004,,
LPQ146,lpq,LE Pain Quotidien Store #146,56 WEST 22ND STREET 2ND FLOOR,NEW YORK,NY,10010,,
LPQ148A,lpq,LE PAIN QUOTIDIEN 861 LEXINGTO,56 WEST 22ND STREET 2ND FLOOR,NEW YORK,NY,10010,,
LPQ149,lpq,LE PAIN QUOTIDIEN-252 W 55TH S,56 WEST 22ND STREET 2ND FLOOR,NEW YORK,NY,10010,,
LPQ151,lpq,LE PAIN QUOTIDIEN-630 OLD CTRY,56 WEST 22ND STREET 2ND FLOOR,NEW YORK,NY,10010,,
LPQ153,lpq,LE PAIN QUOTIDIEN 85 BROAD ST,56 WEST 22ND STREET 2ND FLOOR,NEW YORK,NY,10010,4087495.0,Le Pain Quotidien 85 Broad st
LPQ154,lpq,LEPAIN QUOTIDIEN 72&5 SAILBOAT,"56 WEST 22ND STREET 2ND FLOOR, SAILBOAT POND",NEW YORK,NY,10010,,
LPQ156,lpq,LE PAIN QUOTIDIEN 395 SOUTH EN,56 WEST 22ND STREET 2ND FLOOR,NEW YORK,NY,10010,3447213.0,Le Pain Quotidien South End
LPQ201,lpq,LE PAIN QUOTIDIEN 9630 S.SANTA,"56 WEST 22ND STREET 2ND FLOOR, BEVERLY HILLS",NEW YORK,NY,10010,4102069.0,Le Pain Quotidien Beverly Hills
LPQ206,lpq,LE PAIN QUOTIDIEN 13045 VENTUR,56 WEST 22ND STREET 2ND FLOOR,NEW YORK,NY,10010,,
LPQ207,lpq,LE PAIN QUOTIDIEN,56 WEST 22ND STREET 2ND FLOOR,NEW YORK,NY,10010,,
LPQ211,lpq,LE PAIN QUOTIDIEN 175 NORTH IN,56 WEST 22ND STREET 2ND FLOOR,NEW YORK,NY,10010,4102080.0,Le Pain Quotidien CLAREMONT
LPQ212,lpq,LE PAIN QUOTIDIEN 113 N. LARCH,56 WEST 22ND STREET 2ND FLOOR,NEW YORK,NY,10010,4102085.0,Le Pain Quotidien Larchmont
LPQ215,lpq,LE PAIN QUOTIDIEN 15503 VENTUR,56 WEST 22ND STREET 2ND FLOOR,NEW YORK,NY,10010,,
LPQ216,lpq,LE PAIN QUOTIDIEN-801 BROADWAY,56 WEST 22ND STREET 2ND FLOOR,NEW YORK,NY,10010,1715088.0,Le Pain Quotidien 801 Broadway
LPQ217,lpq,LE PAIN QUOTIDIEN 13455 MAXELL,56 WEST 22ND STREET 2ND FLOOR,NEW YORK,NY,10010,,
LPQ222,lpq,LE PAIN QUOTIDIEN,56 WEST 22ND STREET 2ND FLOOR,NEW YORK,NY,10010,,
LPQ223,lpq,LE PAIN QUOTIDIEN 11220 SO GAY,56 WEST 22ND STREET 2ND FLOOR,NEW YORK,NY,10010,,
LPQ300,lpq,LEPAIN QUOTIDIEN 4950 FROLICH,"56 WEST 22ND STREET 2ND FLOOR, TUKEDO BAKERY",NEW YORK,NY,10010,4280756.0,Le Pain Quotidien Commissary Hyattsville
LPQ3002,lpq,LEPAIN QUOTIDIEN 921 BROADWAY,"921 BROADWAY, STORE 3002",NEW YORK,NY,10010,3446264.0,Le Pain Quotidien 21st
LPQ3003,lpq,LEPAIN QUOTIDIEN 1800 BROADWAY,"1800 BROADWAY COLUMBUS CIRCLE, STORE 3003",NEW YORK,NY,10019,3464818.0,Le Pain Quotidien 1800 Broadway
LPQ3004,lpq,LEPAIN QUOTIDIEN 1535 3RD AVE,"1535 3RD AVENUE, STORE3004",NEW YORK,NY,10028,3445128.0,Le Pain Quotidien 87th
LPQ3005,lpq,LEPAIN QUOTIDIEN 2161 BROADWAY,"2161 BROADWAY, STORE 3005",NEW YORK,NY,10024,3445140.0,Le Pain Quotidien 76th
LPQ3007,lpq,LEPAIN QUOTIDIEN 1377 6TH AVE,"1377 6TH AVENUE, STORE 3007",NEW YORK,NY,10019,3464821.0,Le Pain Quotidien 56th
LPQ3008,lpq,LEPAIN QUOTIDIEN 400 5TH,"400 5TH AVENUE, STORE 3008",NEW YORK,NY,10017,3464703.0,Le Pain Quotidien (36th)
LPQ3009,lpq,LEPAIN QUOTIDIEN 1400 BROADWAY,"1400 BROADWAY, STORE 3009",NEW YORK,NY,10018,3464825.0,Le Pain Quotidien Broadway
LPQ3010,lpq,LEPAIN QUOTIDIEN 685 3RD,"685 3RD AVENUE, STORE3010",NEW YORK,NY,10017,3445144.0,Le Pain Quotidien 44th
LPQ3011,lpq,LEPAIN QUOTIDIEN 370 LEXINGTON,"370 LEXINGTON AVENUE, STORE 3011",NEW YORK,NY,10017,3448837.0,Le Pain Quotidien 41st
LPQ3013,lpq,LEPAIN QUOTIDEIN 339 7TH,"339 SEVENTH AVENUE, STORE 3013",NEW YORK,NY,10001,3445177.0,Le Pain Quotidien 29th St
LPQ304,lpq,LE PAIN QUOTIDIEN BLAINE,"56 WEST 22ND STREET 2ND FLOOR, BLAINE MANSION",NEW YORK,NY,10010,,
LPQ307,lpq,LE PAIN QUOTIDIEN 600 PENNSYL,56 WEST 22ND STREET 2ND FLOOR,NEW YORK,NY,10010,,
LPQ308,lpq,LE PAIN QUOTIDIEN 800 17TH,56 WEST 22ND STREET 2ND FLOOR,NEW YORK,NY,10010,4083564.0,Le Pain Quotidien 17th St DC
LPQ309,lpq,LE PAIN QUOTIDIEN 975 F STREET,56 WEST 22ND STREET 2ND FLOOR,NEW YORK,NY,10010,3424763.0,Le Pain Quotidien F St
LPQ311,imperial,PQ MERRIFIELD UNIT #311,"50 BROAD STREET, 12TH FL, 12TH FL",NEW YORK,NY,10004,,
LPQ351,lpq,LE PAIN QUOTIDIEN 3425 MAIN HW,"56 WEST 22ND STREET 2ND FLOOR, APQ COCONUT GROVE FL LLC",NEW YORK,NY,10010,4364552.0,Le Pain Quotidien Miami
LPQ401,lpq,LE PAIN QUOTIDIEN 81 ELM STRT,"56 WEST 22ND STREET 2ND FLOOR, NEW CANAAN",NEW YORK,NY,10010,,
LPQ402,lpq,LE PAIN QUOTIDIEN 30 PURCHASE,"56 WEST 22ND STREET 2ND FLOOR, RYE",NEW YORK,NY,10010,,
LPQ403,lpq,LE PAIN QUOTIDIEN 382 GREENWIC,56 WEST 22ND STREET 2ND FLOOR,NEW YORK,NY,10010,3447102.0,Le Pain Quotidien Greenwich
LPQ501,lpq,LE PAIN QUOTIDIEN-1425 WALNUT,56 WEST 22ND STREET 2ND FLOOR,NEW YORK,NY,10010,3514360.0,Le Pain Quotidien 1425 Walnut
LPQ502,lpq,LE PAIN QUOTIDIEN 801 WALNUT,56 WEST 22ND STREET 2ND FLOOR,NEW YORK,NY,10010,3514361.0,le pain quotidien 801 walnut st
M102804,imperial,NOMAD WORKS,1216 BROADWAY 2ND FLOOR(30),NEW YORK,NY,10001,,
M116908,imperial,PRITCHARD/CORE FACILITIES,"150 E 42ND STREET 7TH FLOOR, C/O CORE FACILITIES",NEW YORK,NY,10017.0,,
MAR132,imperial,MARLOW & DAUGHTERS,"95 BROADWAY, GRASS FED INC.",BROOKLYN,NY,11249,1711334.0,MARLOW & DAUGHTERS
MAZ031,imperial,MAIZE WESTFIELD,301 N AVENUE WEST,WESTFIELD,NJ,07090,,
MBSA,imperial,SALPINO III ITALIAN FOOD,38 DEER SHORE SQUARE,NORTH BABYLON,NY,11703,,
MER644,imperial,MERMAID'S GARDEN INC.,644 VANDERBILT AVE,BROOKLYN,NY,11238,1711339.0,Mermaid's Garden
MERC65,imperial,MERCADO,605 VALLEY RD,MONTCLAIR,NJ,07043,,
MESS149,imperial,MESSY,149 SULLIVAN ST,NEW YORK,NY,10012,,
MIM098,imperial,MIMI CHENG'S DUMPLINGS,179 2ND AVE,NEW YORK,NY,10003,1717760.0,Mimi Chengs Dumplings 2nd Ave
MIS052,imperial,MISS NELLIE'S,325 WEST 44TH ST.,NEW YORK,NY,10036,,
MO00013,imperial,OCEANA MARKET,200 EUREKA SQUARE,PACIFICA,CA,94044,,
MO00022,imperial,MOLLIE STONE'S CORP OFFICE,22 BAYHILL SHOPPING CENTRE,SAN BRUNO,CA,94066,,
MO00023,imperial,MOLLIE STONE'S CORP OFFICE,1477 CHAPIN AVENUE,BURLINGAME,CA,94010,,
MO00024,imperial,MOLLIE STONE'S CORP OFFICE,2435 CALIFORNIA STREET,SAN FRANCISCO,CA,94115,,
MO00026,imperial,MOLLIE STONE'S CORP OFFICE,270 BON AIR CENTER,GREENBRAE,CA,94904,2191253.0,Mollie Stone Greenbrae
MO00027,imperial,MOLLIE STONE'S CORP OFFICE,164 S. CALIFORNIA AVENUE,PALO ALTO,CA,94306,,
MO00028,imperial,MOLLIE STONE'S PRODUCE (W),"SF PRODUCE TERMINAL, 901 RANKIN ST. BOX #3",SAN FRANCISCO,CA,94124-1628,,
MO00029,imperial,MOLLIE STONE'S CORP OFFICE,49 W. 42ND AVE,SAN MATEO,CA,94403,,
MO00030,imperial,MOLLIE STONE'S CORP OFFICE,100 HARBOR DRIVE,SAUSALITO,CA,94965,,
MO00031,imperial,MOLSBERRY MARKET,522 LARKFIELD CENTER,SANTA ROSA,CA,95403,1711351.0,Moresco
MO00038,imperial,PAYLESS MARKET LOCKEFORD,P.O. BOX 122,LOCKEFORD,CA,95237-9703,,
MO00039,imperial,PAYLESS MARKET PIONEER,26560 HIGHWAY 88,PIONEER,CA,95666,1717848.0,"Payless Market, Pioneer"
MO00040,imperial,PAYLESS MARKET COPPEROPOLIS,"3505 SPANGLER LANE, SUITE 100",COPPEROPOLIS,CA,95228,,
MO00047,imperial,"SCOTTY'S MARKET, INC.",620 MANUEL T FREITAS PARKWAY,SAN RAFAEL,CA,94903,3516398.0,Scotty's Market
MO00076,imperial,MOLLIE STONE'S CORP OFFICE,635 PORTOLA DR.,SAN FRANCISCO,CA,94127,1715091.0,Mollie Stone - Tower Market
MO00086,jtj,FARMER JOE'S FRUITVALE AVE,3426 FRUITVALE AVE,OAKLAND,CA,94602,,
MO00112,imperial,SONOMA SOURDOUGH PETALUMA,448 IGNACIO BLVD #350,NOVATO,CA,94949,,
MO00148,imperial,"HOTEL HEALDSBURG/H2 HOTEL, LLC",414 HEALDSBURG AVE,HEALDSBURG,CA,95448.0,,
MO00149,imperial,"HOTEL HEALDSBURG/H2 HOTEL, LLC",414 HEALDSBURG AVE,HEALDSBURG,CA,95448,,
MO00151,imperial,SONOMA SOURDOUGH STATE FARM,448 IGNACIO BLVD #350,NOVATO,CA,94949,,
MO00154,imperial,MOLLIE STONE'S CORP OFFICE,4201 18TH STREET,SAN FRANCISCO,CA,94114,,
MO00156,imperial,WOODLANDS MARKET TIBURON,636 COLLEGE AVENUE,KENTFIELD,CA,94904,,
MO00165,imperial,RANCHO MENDOZA SUPERMERCADO,640 SEBASTOPOL RD.,SANTA ROSA,CA,95407,,
MO00166,imperial,RANCHO MENDOZA #2,"1201 PINER RD., STE 200",SANTA ROSA,CA,95403,,
MO00173,imperial,NUGGET MARKET - WOODLAND [001],"ATTN: IT DEPT, 311 MACE BLVD",DAVIS,CA,95618,,
MO00175,imperial,NUGGET-DAVIS (MACE BLVD) [002],"ATTN: IT DEPT, 311 MACE BLVD",DAVIS,CA,95618,,
MO00177,imperial,NUGGET MKT - FLORIN ROAD [005],"ATTN: IT DEPT, 311 MACE BLVD",DAVIS,CA,95618,,
MO00179,imperial,NUGGET - W. SACRAMENTO [006],"ATTN: IT DEPT, 311 MACE BLVD",DAVIS,CA,95618,,
MO00181,imperial,NUGGET-ROSEVILLE (PGROVE)[007],"ATTN: IT DEPT, 311 MACE BLVD",DAVIS,CA,95618,,
MO00183,imperial,NUGGET MARKET -ELK GROVE [008],"ATTN: IT DEPT, 311 MACE BLVD",DAVIS,CA,95618,1717513.0,elk grove
MO00185,imperial,NUGGET - EL DORADO HILLS [009],"ATTN: IT DEPT, 311 MACE BLVD",DAVIS,CA,95618,,
MO00187,imperial,NUGGET MARKET -VACAVILLE [011],"ATTN: IT DEPT, 311 MACE BLVD",DAVIS,CA,95618,,
MO00189,imperial,NUGGET - DAVIS (COVELL) [012],"ATTN: IT DEPT, 311 MACE BLVD",DAVIS,CA,95618,,
MO00191,imperial,FOOD 4 LESS-CAMERON PARK [021],311 MACE BLVD,DAVIS,CA,95618,,
MO00193,imperial,FOOD 4 LESS - WOODLAND [030],"ATTN: IT DEPT, 311 MACE BLVD",DAVIS,CA,95618,,
MO00194,imperial,NUGGET MARKET CORPORATE OFFICE,"ATTN: DENISE CUEVA, 311 MACE BLVD",DAVIS,CA,95618,1717811.0,Nugget Market - Corporate
MO00196,imperial,NUGGET MARKET-COMMISSARY [060],311 MACE BLVD,DAVIS,CA,95618,,
MO00205,imperial,SPD MARKET NEVADA CITY,735 ZION ST.,NEVADA CITY,CA,95959,1717913.0,SPD Market Nevada City
MO00207,imperial,PACIFIC MARKET,550 GRAVENSTEIN HWY NORTH,SEBASTOPOL,CA,95472,5503773.0,Pacific Market
MO00208,imperial,FIESTA MARKET,550 GRAVENSTEIN HWY N.,SEBASTOPOL,CA,95472,,
MO00210,imperial,FANTASTIC JUICES,"1731 HOWE AVE #608, FANTASTIC KITCHEN AND JUICE",SACRAMENTO,CA,95825,2572565.0,Fantastic Juice
MO00232,imperial,NUGGET MARKET - TIBURON [014],"ATTN: IT DEPT, 311 MACE BLVD",DAVIS,CA,95618,1717813.0,Nugget Market - Tiburon
MO00234,imperial,NUGGET MKT -CORTE MADERA [015],"ATTN: IT DEPT, 168 COURT STREET",WOODLAND,CA,95695,,
MO00236,imperial,NUGGET MARKET - NOVATO [016],"ATTN: IT DEPT, 311 MACE BLVD",DAVIS,CA,95618,,
MO00247,imperial,NUGGET MARKET - SONOMA [017],"ATTN: IT DEPT, 311 MACE BLVD",DAVIS,CA,95618,1717814.0,Nugget Market - Sonoma
MO00249,imperial,DRIVER'S MARKET,200 CALEDONIA ST.,SAUSALITO,CA,94965,1711217.0,Driver's Market
MO00255,imperial,SONOMA SOURDOUGH UNIV SQUARE,448 IGNACIO BLVD #350,NOVATO,CA,94949,,
MO00265,imperial,MAR-VAL FOOD STORES #13 GLEN E,"GLEN ELLEN VILLAGE MARKET, 856 N. SACRAMENTO ST, SUITE C",LODI,CA,95240,,
MO00266,imperial,MAR-VAL FOOD STORES #13 GLEN E,"GLEN ELLEN VILLAGE MARKET, 856 N. SACRAMENTO ST, SUITE C",LODI,CA,95240.0,,
MO00281,imperial,THE TIDES WHARF,PO BOX 518,BODEGA BAY,CA,94923,,
MO00299,imperial,NUGGET-ROSEVILLE(BL OAKS)[010],960 COLE STREET,SAN FRANCISCO,CA,94117,,
MO00337,imperial,WOODLAND MEATS - TIBURON,636 COLLEGE AVENUE,KENTFIELD,CA,94904,,
MO00368,imperial,RETROGRADE COFFEE ROASTERS LLC,"130 SOUTH MAIN STREET, #103",SEBASTOPOL,CA,95472,,
MO00378,imperial,FIRCREST MARKET,998 GRAVENSTEIN HIGHWAY SO.,SEBASTOPOL,CA,95472,5333160.0,Fircrest Market
MO00387,imperial,SAM'S GENERAL STORE - ST. HELE,109 WAPPO AVENUE,CALISTOGA,CA,94515,5425539.0,Sam's General Store
MO01000,imperial,NUGGET MKT- GRANITE BAY [18],"ATTN: IT DEPT, 311 MACE BLVD",DAVIS,CA,95618,,
MO90024,imperial,B AND C MARKET,"NEW B AND C MARKET, LLC, 401 E OAK ST",FORT BRAGG,CA,95437,,
MO90035,imperial,MAR-VAL FOOD STORES PACIFIC MA,1465 TOWN AND COUNTRY DR,SANTA ROSA,CA,95404,1717837.0,Pacific Market - Santa Rosa
MO90036,imperial,MAR-VAL FOOD STORES PACIFIC MA,1465 TOWN AND COUNTRY DR,SANTA ROSA,CA,95404,1717837.0,Pacific Market - Santa Rosa
MO90038,imperial,MAR-VAL FOOD STORES PACIFIC MA,550 GRAVESTEIN HWY NORTH,SEBASTOPOL,CA,95472,,
MO90042,imperial,MAR-VAL FOOD STORES PACIFIC MA,550 GRAVESTEIN HWY NORTH,SEBASTOPOL,CA,95472,,
MO90044,imperial,MAR-VAL FOOD STORES PACIFIC MA,550 GRAVESTEIN HWY NORTH,SEBASTOPOL,CA,95472,,
MOD031,imperial,MODERN LOVE BROOKLYN,317 UNION AVE,BROOKLYN,NY,11211,1711130.0,Modern Love
MOS041,imperial,MOSS CAFE,3260 JOHNSON AVE,BRONX,NY,10463,1717786.0,Moss Cafe
MUR004,imperial,MURRAY'S BAGELS 6TH AVENUE,500 6TH AVENUE,NEW YORK,NY,10011.0,,
MUR007,imperial,MURRAY'S CHEESE CATERING,254 BLEECKER STREET,NEW YORK,NY,10014,,
MUR008,imperial,MURRAY'S CHEESE,254 BLEECKER STREET,NEW YORK,NY,10014,,
MUR011,imperial,MURRAY'S CHEESE SHOP,"73 GRAND CENTRAL TERMINAL, GRAND CENTRAL LOCATION",NEW YORK,NY,10017,,
MUR012,imperial,MURRAYS CHEESE KITCHEN,254 BLEECKER STREET,NEW YORK,NY,10014.0,,
NITEPPW,imperial,NITEHAWK PROSPECT PARK,188 PROSPECT PARK WEST,BROOKLYN,NY,11215,2373200.0,Nitehawk Cinema
NOOD41,imperial,NOODLE LOVE,192 MOTT STREET,NEW YORK,NY,10012,,
NUB315,imperial,NUBIANI,"GOGI1 INC, 315 5TH AVE 3FL",NEW YORK,NY,10016.0,,
NUB673,imperial,NUBIANI,243 EAST 58TH STREET,NEW YORK,NY,10022,,
NYC064,imperial,CULTURE 307,"307 W 38TH STREET, 307 COFFEE CORP.",NEW YORK,NY,10018,,
OLD098,imperial,O'L DAYS,1165 BROADWAY,NEW YORK,NY,10001.0,4415335.0,Joe & the Juice 1165 Broadway
OLD3301,imperial,OL'DAYS,3301 NE 1ST AVE 103-1,MIAMI,FL,33137,,
OLD73,imperial,OL'DAYS,73 WARREN ST,NEW YORK,NY,10007,,
ONE002,imperial,ONE GIRL COOKIES DUMBO,"33 MAIN STREET, NEW LOCATION",BROOKLYN,NY,11201,5501157.0,One Girl Cookies
ONE014,imperial,ONE GIRL COOKIE,"68 DEAN STREET, OGC DEAN LTD",BROOKLYN,NY,11201,,
PEA031,imperial,PEARL RIVER MART FOODSKIS003,452 BROADWAY,NEW YORK,NY,10013,,
PIS031,imperial,PISTACHE NYC INC,"630 FLUSHING AVE, SUITE 806",BROOKLYN,NY,11206,1711399.0,Pistache NYC
PMACS52,imperial,CENTRAL PARK TAVERN,"PMACS 12 LLC, 327 WEST 57TH ST.",NEW YORK,NY,10019,,
PP11143,imperial,NIJIYA MARKET-TORRANCE,"JINON CORPORATION, 2180 W 190TH ST",TORRANCE,CA,90504,,
PP11316,imperial,PEDALERS FORK,"RSR RESTAURANT GROUP INC., 23504 CALABASAS RD",CALABASAS,CA,91302.0,,
PP11537,imperial,THE BEACHWOOD,"PACIFIC BEACH RESTAURANT GROUP, 987 CABRILLO AVE",CORONADO,CA,92118,,
PP11545,imperial,THE HAVEN PIZZERIA-DARK DROP,"DANCING GOATS INC., 4051 ADAMS AVE",SAN DIEGO,CA,92116,,
PP11621,imperial,SM PIER SEAFOOD,"SM PIER SEAFOOD, INC, 258 SANTA MONICA PIER",SANTA MONICA,CA,90401,,
PP11653,imperial,BUN MEE-FILLMORE,"BUN MEE LLC, 3328 STEINER STREET, SUITE 3",SAN FRANCISCO,CA,94103,2191249.0,Bun Mee
PP11915,imperial,THE MEXICAN REST-HESPERIAN,"ACAPULCO TAQUERIA INC, 19950 HESPERIAN",HAYWARD,CA,94541,,
PP11946,imperial,SPIN THE BOTTLE WINE STUDIO,"SPIN THE BOTTLE WINE STUDIO LL, 10139 1/2 RIVERSIDE DR",TOLUCA LAKE,CA,91602,,
PP12311,imperial,BAYSIDE LANDING,"PKF INC, 3780 INGRAHAM ST",SAN DIEGO,CA,92109,,
PP12344,imperial,CRAIG'S+,"PRESUS LLC, 8826 MELROSE AVE",WEST HOLLYWOOD,CA,90069,,
PP13194,imperial,AMDA CAFE,"FUNCOOKERS INC, 6305 YUCCA ST",LOS ANGELES,CA,90028,1717236.0,AMDA Cafe
PP13461,imperial,KING'S ROAD CAFE,"KINGS ROAD ESPRESSO BAR CAFE I, 8363 BEVERLY BL",LOS ANGELES,CA,90048,,
PP13556,imperial,LA ADELITA-UNION,"LA ADELITA FOOD CO, 1287 S UNION AVEN",LOS ANGELES,CA,90015,,
PP13635,imperial,NORTE RESTAURANT,"NORTE INC., 3003 CARLSBAD BLVD",CARLSBAD,CA,92008,,
PP17960,imperial,KABBALAH CENTRE,"KABBALAH CENTRE INT, 155 EAST 48TH STREET",NEW YORK,NY,10027,,
PP18044,imperial,BRIGANTINE RESTAURANT GROUP+,"BRIGANTINE RESTAURANT INC, 7889 OSTROW ST",SAN DIEGO,CA,92111,,
PP18303,imperial,NIJIYA MARKET-TORRANCE,"JINON CORPORATION, 2180 W 190TH ST",TORRANCE,CA,90504,,
PP18493,imperial,THE MEXICAN REST-A STREET,"ACAPULCO TAQUERIA INC, 19950 HESPERIAN",HAYWARD,CA,94541,,
PP18495,imperial,THE MEXICAN REST-B STREET,"ACAPULCO TAQUERIA INC, 19950 HESPERIAN",HAYWARD,CA,94541,,
PP18656,imperial,PLANT POWER-FAST FOOD-OCEAN BE,"PLANT POWER OCEAN BEACH LLC, 2204 SUNSET CLIFFS BLVD",SAN DIEGO,CA,92107,,
PP19034,imperial,DIRTY BIRDS-MISSION,"B4 ENTERTAINMENT LLC, 4656 MISSION BLVD",SAN DIEGO,CA,92109.0,,
PP19200,imperial,HERB AND WOOD,"EATERY GREEN LLC, 2210 KETTNER BLVD",SAN DIEGO,CA,92101,,
PP19223,imperial,COMMUNAL COFFEE-NORTH PARK,"COMMUNAL COFFEE LLC, 2335 UNIVERSITY AVE",SAN DIEGO,CA,92104,,
PP20814,imperial,YSABEL+,"YSABEL LLC, 945 N FAIRFAX AVE",WEST HOLLYWOOD,CA,90046,,
PP21112,imperial,THE HUNTLEY HOTEL+,"SECOND STREET CORPORATION, 1111 2ND STREET",SANTA MONICA,CA,90403,,
PP21368,imperial,THE MAR VISTA,"TWELVE 2 FORTY 9, LLC, 12249 VENICE BLVD",LOS ANGELES,CA,90066.0,,
PP21486,imperial,HAPPI HOUSE RESTAURANT,"HAPPI HOUSE RESTAURANT LLC, 2780 ALUM ROCK AVE",SAN JOSE,CA,95127.0,,
PP22517,imperial,PLANT POWER-ENCINITAS,"PLANT POWER ENCINITAS LLC, 411 SANTA FE DRIVE",SAN DIEGO,CA,92024,,
PP22668,imperial,ALFRED COFFEE-BEVERLY HILLS,"BEVERLY DRIVE COFFEE COMPANY, 626 N LA CIENEGA BLVD #5",WEST HOLLYWOOD,CA,90069,,
PP22981,imperial,L AND S CLEANING SERVICES,"L & S CLEANING SERVICE LLC, 1251 SANTA CORA AVE #1525",CHULA VISTA,CA,91913,,
PP24586,imperial,PLANT POWER-ESCONDIDO-COMMISSA,"PLANT POWER WHOLESALE LLC, 1309 SIMPSON WAY #A",ESCONDIDO,CA,92029.0,,
PP25332,imperial,AMY'S DRIVE THRU-ROHNERT PARK,"AMY'S KITCHEN RESTAURANT OPERA, 58 GOLF COURSE DRIVE W",ROHNERT PARK,CA,94928,4532014.0,Amy’s Drive Thru
PP25370,imperial,COMMUNAL COFFEE-SOUTH PARK,"COMMUNAL COFFEE LLC, 2335 UNIVERSITY AVE",SAN DIEGO,CA,92104,,
PP25643,imperial,JUENE ET JOLIE,"JUENE ET JOLIE LLC, 220 E GLAUCUS STREET",ENCINITAS,CA,92008.0,,
PP25696,imperial,TOSCANA RESTAURANT,"KILLER PIZZA ENTERPRISES INC, 11633 SAN VICENTE BLVD",LOS ANGELES,CA,90049,,
PP25897,imperial,ROCCOS TAVERN-CULVER CITY,"ROCCO TAVERN CC LLC, 12514 VENTURA BLVD",STUDIO CITY,CA,91604,,
PP26113,imperial,BIVOUAC CIDERWORKS,"RISING TIDE BOTTLEWORKS, 3986 30TH STREET",SAN DIEGO,CA,92104,,
PP26133,imperial,CIELITO MEXICAN CUISINE,"445 RAILROAD LLC, 445 RAILROAD AVE",DANVILLE,CA,94526.0,,
PP26136,imperial,PLANT POWER-SDSU,"PLANT POWER SD ONE LLC, 5842 HARDY AVE",SAN DIEGO,CA,92115,,
PP26357,imperial,PLANT POWER,"PLANT POWER LONG BEACH LLC, 5095 PACIFIC COAST HWY",LONG BEACH,CA,90804,3465483.0,Plant Power- Sacramento
PP26375,imperial,AMY'S DRIVE THRU-ROHNERT PARK,"AMY'S KITCHEN RESTAURANT OPERA, 58 GOLF COURSE DRIVE W",ROHNERT PARK,CA,94928,4532014.0,Amy’s Drive Thru
PP26412,imperial,MISTER A'S,"MISTER BERTRAND LLC, 2550 5TH AVE 12TH FLOOR",SAN DIEGO,CA,92103,,
PP26623,imperial,ANIMAE,"PACIFIC COAST EATERY, 969 PACIFIC HWY",SAN DIEGO,CA,92132,,
PP26669,imperial,THE PARAMOUNT,"PARAMOUNT BROOKLYN LLC, 2708 E CESAR E CHAVEZ AVE",LOS ANGELES,CA,90033,,
PP26799,imperial,HERB AND SEA,"SEA GREEN LLC, 131 W D STREET",ENCINITAS,CA,92024,,
PP27133,imperial,BURMA BITES,"BURMA EATS INC, 991 MISSION STREET",SAN FRANCISCO,CA,94103.0,,
PP27585,imperial,AMY'S DRIVE THRU-ROHNERT PARK,"AMY'S KITCHEN RESTAURANT OPERA, 58 GOLF COURSE DRIVE W",ROHNERT PARK,CA,94928,4532014.0,Amy’s Drive Thru
PP27943,imperial,THE MEXICAN REST-SAN LEANDRO,"ACAPULCO TAQUERIA INC, 19950 HESPERIAN",HAYWARD,CA,94541,,
PP28007,imperial,MELROSE UMBRELLA CO-NO MON DEL,"CONCEPT LA 7465 LLC, 7465 MELROSE AVE",LOS ANGELES,CA,90046,,
PP28190,imperial,GRACIAS MADRE-W HOLLYWOOD,"GRACIAS MADRE WEHO LLC, 8905 MELROSE AVE",WEST HOLLYWOOD,CA,90069,1711254.0,Gracias Madre
PP28549,imperial,HILLTOP COFFEE AND KITCHEN- EA,"HILLTOP EAGLE ROCK LLC, 4247 EAGLE ROCK BLVD",LOS ANGELES,CA,90065,,
PP28708,imperial,MAMA GO'S FILIPINO CUISINE-SF,"LADY LUCK GOURMET LLC, 2268 WESTBOROUGH BLVD STE 302",SAN FRANCISCO,CA,94080,,
PP28724,imperial,SEVEN MILE CASINO-BILLING ONLY,"STONE SOUTH BAY CORP, 271 BAY BLVD",CHULA VISTA,CA,91910,,
PP28875,imperial,PLANT POWER FAST FOOD-SACRAMEN,"PLANT NORCAL ONE CORP, 1100 R STREET",SACRAMENTO,CA,95811,,
PP29141,imperial,PLANT POWER-UCSD-DARK DROP,"PLANT POWER LA JOLLA CAMPUS LL, 9685 SCHOLARS DRIVE NORTH #CT0",LA JOLLA,CA,92093,3514745.0,Plant Power - UCSD
PP29211,imperial,ROOT OF HAPPINESS-ROSEVILLE,"MUDDY WATERS KAVA INC, 1949 ZINFANDEL DRIVE",RANCHO CORDOVA,CA,95670.0,,
PP29374,imperial,CURRY UP NOW-SAN RAMON (A.K),"AKURANVYKA USA INC, 800 AIRPORT BLVD, SUITE 411",BURLINGAME,CA,94010.0,,
PP29379,imperial,CREAM PAN-FOUNTAIN VALLEY,"JAPONAISE BAKERY INC, 602 EL CAMINO REAL",NEWPORT,CA,92660.0,4744966.0,Cream Pan
PP29394,imperial,CASA DEL TORO,"CASA DEL TORO INC, 19950 HESPERIA BLVD",HAYWARD,CA,94541,,
PP29410,imperial,BACON BACON-SFO INT'L AIRPORT,"SILVR DRAGON CAFE LLC, 400 MONTGOMERY #910",SAN FRANCISCO,CA,94104,4152010.0,Bacon Bacon
PP29414,imperial,ALFRED COFFEE-ROBERTSON,"ROBERSTON COFFEE COMPANY, 708 N CROFT AVE",LOS ANGELES,CA,90069,,
PP29536,imperial,COMMUNAL COFFEE-OCEANSIDE,"COMMUNAL COFFEE LLC, 2335 UNIVERSITY AVE",SAN DIEGO,CA,92104,,
PP29727,imperial,**WESTERN PAPER DISTRIBUTORS-I,"**WESTERN PAPER DISTRIBUTORS-I, 11551 E 45TH AVE #A",DENVER,CO,80239,1711510.0,Western Paper Distributors
PP29770,imperial,BLOOM COFFEE & TEA,"BLOOM COFFEE LLC, 1485 EUREKA RD STE 100",ROSEVILLE,CA,95661,,
PP29777,imperial,PLANT POWER FAST FOOD-HOLLYWOO,"PLANT POWER HOLLYWOOD, LLC, 776 VINE ST",LOS ANGELES,CA,90038,,
PP29826,imperial,METRO TAQUERO SKYWEST,"METRO TAQUERO SKYWEST, 19950 HESPERIAN BLVD",HAYWARD,CA,94541,,
PP29901,imperial,RASSELBOCK LOS ANGELES,"EUROPEAN GASTRO MANAGEMENT, LP, 3817 GRAND VIEW BLVD",LOS ANGELES,CA,90066,,
PP30194,imperial,PARQ RESTAURANT & NIGHTCLUB,"WSA ENTERTAINMENT LLC, 615 BROADWAY",SAN DIEGO,CA,92101.0,,
PP30329,imperial,MR. T,"MR. T HOLLYWOOD LLC, 953 N SYCAMORE AVE",LOS ANGELES,CA,90038,,
PP30415,imperial,NATIVE FIELDS,"NATIVE FIELDS LLC, 1443 LASSITER DRIVE",WALNUT,CA,91789,,
PP30608,imperial,LAYLA BAGELS,"LAYLA BAGELS 1 LLC, 1614 OCEAN PARK BLVD,",SANTA MONICA,CA,90405,,
PP30835,imperial,SUNLIFE ORGANICS 1 - POINT DUM,"SUNLIFE ORGANICS 1 INC, 22631 PACIFIC COAST HWY #727",MALIBU,CA,90265,5080427.0,Sunlife Organics
PP30837,imperial,SUNLIFE ORGANICS 2-THOUSAND OA,"SUNLIFE ORGANICS 2, INC., 2200 E. THOUGHSAND OAK BLVD #1",THOUSAND OAKS,CA,91362,5080427.0,Sunlife Organics
PP30840,imperial,SUNLIFE ORGANICS 4-CROSS CREEK,"SUNLIFE ORGANICS 4, INC., 3835 CROSS CREEK RD. #3",MALIBU,CA,90265,5080427.0,Sunlife Organics
PP30841,imperial,SUNLIFE ORGANICS 7-CENTURY CIT,"SUNLIFE ORGANICS 7, INC., 10250 SANTA MONICA BLVD #1383",LOS ANGELES,CA,90067,5080427.0,Sunlife Organics
PP30842,imperial,SUNLIFE ORGANICS 8-LARKSPUR+,"SUNLIFE ORGANICS 8 LLC, 1601 LARKSPUR LANDING CIRCLE",LARKSPUR,CA,94939,5080427.0,Sunlife Organics
PP30843,imperial,SUNLIFE ORGANICS 13-W HOLLYWOO,"SUNLIFE ORGANICS 13, LLC, 8570 W. SUNSET BLVD STE #6.1B",WEST HOLLYWOOD,CA,90069,5080427.0,Sunlife Organics
PP30844,imperial,SUNLIFE ORGANICS 15-MANHATTAN,"SUNLIFE ORGANICS 15, LLC, 3200 SEPULVEDA BLVD SPACE E-14",MANHATTAN BEACH,CA,90266,5080427.0,Sunlife Organics
PP31033,imperial,HILLTOP OTG-LA,"HILLTOP OTG, LLC, 170 N LA BREA AVE",INGLEWOOD,CA,90301,,
PP31038,imperial,SUNLIFE ORGANICS-USC VILLAGE+,"SUNLIFE ORGANICS 10, LLC, 929 W JEFFERSON BLVD STE 1640",LOS ANGELES,CA,90089,1717933.0,"Sunlife Organics, USC Village"
PP31263,imperial,VI AT PALO ALTO,"CC-PALO ALTO, INC, 620 SAND HILL RD",PALO ALTO,CA,94304.0,,
PP31307,imperial,JON & VINNY'S- SLAUSON+,"CUTLET SLAUSON, LP, 4400 W SLAUSON AVE",LOS ANGELES,CA,90043,,
PP31311,imperial,JON & VINNY'S- BRENTWOOD,"CUTLET BRENTWOOD LP, 11938 SAN VICENTE BLVD",LOS ANGELES,CA,90049,,
PP31501,imperial,JON & VINNY'S- FAIRFAX+,"CUTLET LP, 207 W BEACH AVE",INGLEWOOD,CA,90302,,
PP31831,imperial,BUFFALO BILLS BREWERY,"BB CERVECERIA INC, 19950 HESPERIAN BLVD",HAYWARD,CA,94541,,
PP31886,imperial,MIMIS NORTH BIKRAM,"MIMIS NORTH INC, 4185 W FIGARDEN DR #101",FRESNO,CA,93711,,
PP31899,imperial,AMAR ENTERPRISE LLC-MIMIS,"AMAR ENTERPRISE LLC, 1302 OLD KNOLL DRIVE",WYLIE,TX,75098,,
PP31900,imperial,AMAR ENTERPRISE LLC-MIMIS,"AMAR ENTERPRISE LLC, 1302 OLD KNOLL DRIVE",WYLIE,TX,75098,,
PP31925,imperial,JOLLY MAN FOODS LLC-MIMIS,"JOLLY MAN FOODS LLC, 1302 OLD KNOLL DRIVE",WYLIE,TX,75098,,
PP31936,imperial,ONIGILLY - VALLEY FAIR,"ONIGILLY LLC, 343 KEARNY STREET",SAN FRANCISCO,CA,94108,,
PP31973,imperial,NIBLL,"KOMBU KITCHEN SF LLC, 8605 SANTA MONICA BLVD",WEST HOLLYWOOD,CA,90069.0,,
PP90028,imperial,CALIKALE CAFET900859,7412 FULTON AVE,NORTH HOLLYWOOD,CA,91605.0,,
PP90080,imperial,PROVISIONS,300 VIRGINIA ST,VALLEJO,CA,94590.0,,
PP90115,imperial,MAYBOURNE BEVERLY HILLS,"BEVERLY HILLS ACQUISITIONS LLC, 225 N. CANNON DR",BEVERLY HILLS,CA,90210,,
PP90141,imperial,SUNLIFE ORGANICS 3 - CALABASAS,"SUNLIFE ORGANICS 3 INC, 23823 MALIBU RD #528",MALIBU,CA,90265,5080427.0,Sunlife Organics
PP90168,imperial,PIZZAIOLO,5008 TELEGRAPH AVE,OAKLAND,CA,94609,,
PP90180,imperial,THE PLOT RESTAURANT,"COSTA MESA PLOT LLC, 2937 BRISTOL ST STE 3100",COSTA MESA,CA,92626,,
PP90230,imperial,METRO TAQUERO DRIVE THRU,"ACAPULCO TAQUERIA INC, 1776 MARINA BLVD",SAN LEANDRO,CA,94577,,
PP90237,imperial,METRO TAQUERO HUNTWOOD,"ACAPULCO TAQUERIA INC, 29950 HUNTWOOD AVE",HAYWARD,CA,94541,,
PP90245,imperial,TIENDITA PASEO DTD,"PATINA RESTAURANT GROUP LLC, 1580 S DISNEYLAND DR STE 103",ANAHEIM,CA,92802,,
PP90282,imperial,NOLITA HALL,"JUNIPER HOUSE LLC, 2305 INDIA STREET",SAN DIEGO,CA,92101,,
PP90300,imperial,GATHER RESTAURANT,"GATHER RESTAURANT LLC, 2200 OXFORD ST",BERKELEY,CA,94704,,
PP90309,imperial,SUNLIFE ORGANICS 23 - DEL MAR,"SUNLIFE ORGANICS 23 INC, 23823 MALIBU RD #528",MALIBU,CA,90265,5080427.0,Sunlife Organics
PP90322,imperial,CURRY UP NOW - MARKET ST,"AKURANVYKA USA INC, 800 AIRPORT BLVD, SUITE 411",BURLINGAME,CA,94010,,
PP90348,imperial,MARMALADE- SANTA MONICA2,"MARMALADE LLC, 16530 VENTURA BLVD #611",ENCINO,CA,91436.0,,
PP90372,imperial,SUNLIFE ORGANICS 19 - LOS ANGE,"SUNLIFE ORGANICS 19 INC, 23823 MALIBU RD #528",MALIBU,CA,90265,5080427.0,Sunlife Organics
PP90387,imperial,PLANT POWER - REDLANDS,"BATTA FOODS LLC, 450 W STUART AVE D130",REDLANDS,CA,92374,3976929.0,Plant power-Redlands
PP90392,imperial,PRODUCE CATERING,22515 ASPEN ST SUITE E,LAKE FOREST,CA,92630,,
PP90443,imperial,EL ZARAPE COCINA Y TEQUILA,"MARTIN RESTAURANTS INC, 5247 KATELLA AVE SUITE 130",CYPRESS,CA,90720,,
PP90447,imperial,HOLEY GRAIL DONUTS-LB,3620 WEST PICO BLVD,LOS ANGELES,CA,90019,4535233.0,Holey Grail Donuts
PP90476,imperial,RECREATION CAFÉ,4500 W WASHINGTON BLVD,LOS ANGELES,CA,90016,5253236.0,Re/creation Cafe
PP90487,imperial,JON & VINNY'S- MOORPARK,"CUTLET MOORPARK, LP, 11334 MOORPARK STREET",STUDIO CITY,CA,91604,,
PP90503,imperial,SUNLIFE ORGANICS 22 - NASHVILL,"SUNLIFE ORGANICS 22 INC, 624 8TH AVENUE SOUTH SUITE C",NASHVILLE,TN,37203,5080427.0,Sunlife Organics
PP90524,imperial,LOVE LIFE,740 PACIFIC COAST HIGHWAY,EL SEGUNDO,CA,90245,,
PP90528,imperial,LE COQ,"LJ EATS, 7837 HERSCHEL AVE",LA JOLLA,CA,92037,,
PP90529,imperial,CHA CHA MATCHA - BEVERLY HILLS,"CHA CHA BEVERAGES, LLC, 373 BROOM ST",NEW YORK,NY,10014,,
PP90676,imperial,NIBLL,"KOMBU KITCHEN SF LLC, 8605 SANTA MONICA BLVD",WEST HOLLYWOOD,CA,90069.0,,
PP90704,imperial,THE BUTCHER'S SON,"THRIVE, LLC, 1954 UNIVERSITY AVE",BERKELEY,CA,94704,,
PP90728,imperial,WILDLAND,"WILDLAND & LILO LLC, 2598 STATE ST",CARLSBAD,CA,92008,,
PP90758,imperial,TACOLINA,"2815 W SUNSET BLVD, SUITE #101",LOS ANGELES,CA,90026,,
PP90831,imperial,BUN MEE- STEINER,3330 STEINER ST,SAN FRANCISCO,CA,94123,2191249.0,Bun Mee
PP90848,imperial,5 TACOS AND BEERS,"5TACOS AND BEERS OF SACRAMENTO, 1627 16TH STREET",SACRAMENTO,CA,95814.0,,
PP90880,imperial,KIEZ LP,4939 YORK BLVD,LOS ANGELES,CA,90042,,
PP90884,imperial,MEXICALI COCINA CANTINA,"SUNSWEPT LLC, 12161 VENTURA BLVD",STUDIO CITY,CA,91604,,
PP90885,imperial,SOMERVILLE,"DUNBAR SLAUSON LLC, 4437 W SLAUSON AVE",LOS ANGELES,CA,90043,,
PP90928,imperial,OH LA LA,"921 E COLORADO BLVD, CHEVAL BLEU INC",PASADENA,CA,91106,,
PP90932,imperial,WHITE RICE MONTEBELLO,"WHITE RICE MONTEBELLO LLC., 520 WHITTIER BLVD",MONTEBELLO,CA,90640,,
PP90935,imperial,REUNION & COMPANY,"3911 SUNSET DR, REUNION WINE LLC",LOS ANGELES,CA,90027,5472731.0,Reunion & Company
PP90937,imperial,AMOR A MI,"2007 W BURBANK BLVD, GRUPO SOMBRA LLC",BURBANK,CA,91506.0,,
PP90985,imperial,BIG CITY BAGELS - NORTHPARK,"G & P PARTNERS, 1010 UNIVERSITY AVE #C102",SAN DIEGO,CA,92103,,
PP91094,imperial,SUNLIFE ORGANICS 21 - NASHVILL,"SUNLIFE ORGANICS 21 LLC, 2212 12 AVE S, SUITE 109",NASHVILLE,TN,37204,5080427.0,Sunlife Organics
PP91200,imperial,SUNLIFE ORGANICS 25 - NEW YORK,"SUNLIFE ORGANICS 25 LLC, 482 W BROADWAY",NEW YORK,NY,10012,5080427.0,Sunlife Organics
PP91207,imperial,PLANT POWER - SACRAMENTO NEW,"PLANT POWER SACRAMENTO, LLC, 1100 R STREET",SACRAMENTO,CA,95811,3465483.0,Plant Power- Sacramento
PP91222,imperial,ABOVE THE BLOCK VENUE,"1301 W.OLYMPIC BLVD, SUITE 301",LOS ANGELES,CA,90049,,
PP91250,imperial,FRISCO BAKING COMPANY,"FRISCO BAKING COMPANY INC, 621 WEST AVE 26",LOS ANGELES,CA,90065.0,,
PP91267,imperial,AC HOTEL PASADENA,"19 S MADISON AVE, NSC#040044253",PASADENA,CA,91101.0,,
PP91268,imperial,NYBD - MAR VISTA,"MDR BAGEL CO., INC, 11700 NATIONAL BLVD, UNIT G",MAR VISTA,CA,90064,,
PP91274,imperial,MARIX TEX MEX CAFE,"FOOD BIZ INC., 1108 N FLORES STREET",WEST HOLLYWOOD,CA,90069.0,,
PP91349,imperial,SUNLIFE ORGANICS 26 - BOULDER,"SUNLIFE ORGANICS 26, LLC, 1810 29TH ST, STE 1020",BOULDER,CO,80301,5080427.0,Sunlife Organics
PP91409,imperial,OUTERLANDS,"OUTERLANDS RESTAURANT GROUP LL, 4001 JUDAH STREET",SAN FRANCISCO,CA,94122,,
PP91420,imperial,ONIGILLY-MILPITAS,"ONIGILLY KITCHEN LLC, 343 KEARNY STREET",SAN FRANCISCO,CA,94108,,
PP91500,imperial,"NATIVE SON RC, INC",8443 HAVEN AVE #189,RANCHO CUCAMONGA,CA,91730.0,,
PP91543,imperial,POPPY CAKE BAKING CO,"G&E GRACE CORP, 328 W SIERRA MADRE BLVD",SIERRA MADRE,CA,91024,,
PP91547,imperial,THE NOW WOODLAND HILLS,"20929 VENTURA BLVD SUITE 8, 1925, INC",WOODLAND HILLS,CA,91364.0,,
PP91589,imperial,BAG OF BEANS CAFE AND REST.,"BAG OF BEANS INTERNATIONAL LLC, 872 EASTLAKE PKWY #210",CHULA VISTA,CA,91914,,
PP91610,imperial,OVG / USC ATHLETICS,"5050 S SYRACUSE ST, OVATIONS FANFARE LP",DENVER,CO,80237,,
PP91661,imperial,CHAINSAW,"CHATEAU WHATEVER, 5022 MELROSE AVE",LOS ANGELES,CA,90038,,
PP91675,imperial,PARIS BAGUETTE- MONTROSE,"RSC INVESTMENTS LLC, 2295 HONOLULU AVE",GLENDALE,CA,91020.0,,
PP91689,imperial,ARC BEVERLY,"BH CLUB OWNER LLC, 9800 WILSHIRE BLVD",BEVERLY HILL,CA,90212,,
PQ310A,lpq,LE PAIN QUOTIDIEN 10217 OLD GE,"56 WEST 22ND STREET 2ND FLOOR, WILDWOOD",NEW YORK,NY,10010,,
PR00595,imperial,CASH,PO BOX 590,REDLANDS,CA,92373,,
PR00699,imperial,LA SIERRA NATURAL FOODS,11550 PIERCE,RIVERSIDE,CA,92505,,
PR01681,imperial,CLASSIC COFFEE,148 N. GLENDORA AVENUE,GLENDORA,CA,91741,,
PR01820,imperial,ORGANIC ROOTS,40458 WINCHESTER RD,TEMECULA,CA,92591,,
PR02635,imperial,WALNUT CREEK SCHOOL,"DISTRICT, 960 YGNACIO VALLEY RD",WALNUT CREEK,CA,94597,,
PR02861,imperial,DICK'S BAR SUPPLY INC,"TRIPLE L DISTRIBUTING CO., 16890 SOUTH MAIN STREET",GARDENA,CA,90248,,
PR02862,imperial,PORTERVILLE U.S.D,"600 W GRAND AVE, STUDENT NUTRITION",PORTERVILLE,CA,92357,,
PR02961,imperial,LOFTY COFFEE CO.,"SUITE #101, 97 N COAST HWY 101",ENCINITAS,CA,92024.0,2521699.0,Lofty Coffee
PR02962,imperial,LOFTY COFFEE CO.,"SUITE #101, 97 N COAST HWY 101",ENCINITAS,CA,92024,2521699.0,Lofty Coffee
PR02963,imperial,LOFTY COFFEE CO.,"SUITE #101, 97 N COAST HWY 101",ENCINITAS,CA,92024,2521699.0,Lofty Coffee
PR02965,imperial,LOFTY COFFEE CO.,"SUITE #101, 97 N COAST HWY 101",ENCINITAS,CA,92024.0,2521699.0,Lofty Coffee
PR02966,imperial,LOFTY COFFEE CO.,"SUITE #101, 97 N COAST HWY 101",ENCINITAS,CA,92024,2521699.0,Lofty Coffee
PR02994,imperial,BREAD & CIE INC.,4901 PACIFIC HWY,SAN DIEGO,CA,92110,,
PR03139,imperial,BEACH SPORTS GRILL & BAR,8022 LIMONITE AVENUE #113,RIVERSIDE,CA,92509,,
PR03514,imperial,CAFE 4,"NEIGHBORHOOD CHURCH, 20600 JOHN DR",CASTRO VALLEY,CA,94546,,
PR04058,imperial,WE OLIVE - LA JOLLA4/18/25,1158 PROSPECT ST.,LA JOLLA,CA,92037,,
PR04224,imperial,WE OLIVE LOS GATOS,"OLIVINUM LLP, 112 N SANTA CRUZ AVE.",LOS GATOS,CA,95030,1711325.0,We Olive - Los Gatos
PR04466,imperial,SANTA CLARA CNTY OFFICE OF EDU,"WALDEN WEST CENTER, 15555 SANBORN ROAD",SARATOGA,CA,95070,,
PR04602,imperial,SNOOKS CANDIES,"SNOOKS CANDIES LLC, 731 SUTTER STREET",FOLSOM,CA,95630,,
PR05082,imperial,SKIPOLINIS FOLSOM,"SKIPOLINIS ITALIAN INC, 1535 GIAMONNA DRIVE",WALNUT CREEK,CA,94596,,
PR05181,imperial,WALLYS WINE & SPIRITS,"SOUTHWEST WINE & SPIRITS, 10459 W JEFFERSON BLVD",CULVER CITY,CA,90232,,
PR05183,imperial,WALLYS WINE & SPIRITS,"SOUTHWEST WINE & SPIRITS, 10459 W JEFFERSON BLVD",CULVER CITY,CA,90232,,
PR05767,imperial,VIETNOMS - SAN JOSE,"VIETNOMS LLC, 754 KYLE ST",SAN JOSE,CA,95127.0,,
PR06897,imperial,PLACERVILLE UNION SCHOOL DIST,1032 THOMPSON WAY,PLACERVILLE,CA,95667,,
PR07136,imperial,SUNNY BLUE - SANTA MONICA,20600 TRIBUNE ST,CHATSWORTH,CA,91311,,
PR07150,imperial,SUNNY BLUE CULVER CITY,20600 TRIBUNE ST,CHATSWORTH,CA,91311,,
PR07501,imperial,SHELDONS SERVICE STATION LLC,8401 LA MESA BLVD,LA MESA,CA,91942.0,,
PR08316,imperial,MOMIJI SOUTH LAKE UNION,"MOMICHAN LLC, 731 BELL ST",SEATTLE,WA,98121.0,,
PR08532,imperial,COFFEE & WATER LAB,"SLINGSHOT GROWTH LLC, 603 SARATOGA AVE #40",SAN JOSE,CA,95129,,
PR08544,imperial,P,"F10 OCEANSIDE INC, 201 NORTH MEYERS ST",OCEANSIDE,CA,92054,,
PR09357,imperial,PLANT POWER CRAIG,"PLANT POWER VEGAS 1 LLC, 7090 WEST CRAIG RD # 120",LAS VEGAS,NV,89129,,
PR09711,imperial,SIDECAR DOUGHNUTS & COFFEE,"SIDECAR DOUGHNUTS LLC, 1730 ANAHEIM AVE",COSTA MESA,CA,92627,,
PR09726,imperial,SUNLIFE ORGANICS,"SUNLIFE ORGANICS 18 LLC, 6810 HELEN TOLAND ST #105",LAS VEGAS,NV,89113,5080427.0,Sunlife Organics
PR10182,jtj,JOE & THE JUICE NEW YORK LLC,"JOE & THE JUICE NEW YORK LLC, 110 GREENE ST",NEW YORK,NY,10012,,
PR10183,jtj,JOE & THE JUICE NEW YORK LLC,"JOE & THE JUICE NEW YORK LLC, 110 GREENE ST",NEW YORK,NY,10012,,
PR10184,jtj,JOE & THE JUICE NEW YORK LLC,"JOE & THE JUICE NEW YORK LLC, 110 GREENE ST",NEW YORK,NY,10012,,
PR10185,jtj,JOE & THE JUICE NEW YORK LLC,"JOE & THE JUICE NEW YORK LLC, 110 GREENE ST",NEW YORK,NY,10012,,
PR10186,jtj,JOE & THE JUICE NEW YORK LLC,"JOE & THE JUICE NEW YORK LLC, 110 GREENE ST",NEW YORK,NY,10012,,
PR10187,jtj,JOE & THE JUICE NEW YORK LLC,"JOE & THE JUICE NEW YORK LLC, 110 GREENE ST",NEW YORK,NY,10012,,
PR10188,jtj,JOE & THE JUICE NEW YORK LLC,"JOE & THE JUICE NEW YORK LLC, 110 GREENE ST",NEW YORK,NY,10012,,
PR10189,jtj,JOE & THE JUICE NEW YORK LLC,"JOE & THE JUICE NEW YORK LLC, 110 GREENE ST",NEW YORK,NY,10012,,
PR10190,jtj,JOE & THE JUICE NEW YORK LLC,"JOE & THE JUICE NEW YORK LLC, 110 GREENE ST",NEW YORK,NY,10012,,
PR10192,jtj,JOE & THE JUICE NEW YORK LLC,"JOE & THE JUICE NEW YORK LLC, 110 GREENE ST",NEW YORK,NY,10012,,
PR10193,jtj,JOE & THE JUICE NEW YORK LLC,"JOE & THE JUICE NEW YORK LLC, 110 GREENE ST",NEW YORK,NY,10012,,
PR10194,jtj,JOE & THE JUICE NEW YORK LLC,"JOE & THE JUICE NEW YORK LLC, 110 GREENE ST",NEW YORK,NY,10012,,
PR10196,jtj,JOE & THE JUICE NEW YORK LLC,"JOE & THE JUICE NEW YORK LLC, 110 GREENE ST",NEW YORK,NY,10012,,
PR10197,jtj,JOE & THE JUICE NEW YORK LLC,"JOE & THE JUICE NEW YORK LLC, 110 GREENE ST",NEW YORK,NY,10012,,
PR10198,jtj,JOE & THE JUICE NEW YORK LLC,"JOE & THE JUICE NEW YORK LLC, 110 GREENE ST",NEW YORK,NY,10012,,
PR10204,jtj,JOE & THE JUICE NEW YORK LLC,"JOE & THE JUICE NEW YORK LLC, 110 GREENE ST",NEW YORK,NY,10012,,
PR10205,jtj,JOE & THE JUICE NEW YORK LLC,"JOE & THE JUICE NEW YORK LLC, 110 GREENE ST",NEW YORK,NY,10012,,
PR90391,imperial,SOLANO COUNTY JUVENILE DETENT,740 BECK AVE,FAIRFIELD,CA,94533.0,,
PR90563,imperial,FISH N THINGS POKE BAR,740 HORNBLEND ST STE 101,SAN DIEGO,CA,92109,,
PR90625,imperial,SLICE HOUSE - FOLSOM,"SHSH INC, 3210 EAST BIDWELL ST SUITE 100",FOLSOM,CA,95630,,
PR90638,imperial,TIGER BAR & RESTAURANT,722 K ST,SACRAMENTO,CA,95814,,
PR90804,imperial,EXECUTIVE FACILITIES SERVICE,6865 WEAVER ST,RIVERSIDE,CA,92504,,
PR91404,imperial,AMERICAN GLOBAL FACILITY SVCS,"6803 INTERNATIONAL AVE, STE A",CYPRESS,CA,90630,,
PR91405,imperial,"US METRO GROUP, INC",6803 INTERNATIONAL AVE. # 101,CYPRESS,CA,90630,,
PR91440,imperial,BACARI BEVERLY HILLS,"BACARI OPERATIONS LLC, 9601 BRIGHTON WAY",BEVERLY HILLS,CA,90210,,
PR91713,imperial,ROSE CAFE XO INC,1902 S. COAST HWY,OCEANSIDE,CA,92054.0,,
PR91723,imperial,BEYOND FOOD MART,"CEDAR LANDMARK, 4300 EDISON AVE",CHINO,CA,91710,,
PR91930,imperial,JOKER PUB & GRILL,5614 E LAKE SAMMAMISH PKWY SE,ISSAQUAH,WA,98029,,
PR91948,imperial,POUR HOUSE PETE'S,4640 TOLT AVE,CARNATION,WA,98014,,
PR92017,imperial,BACARI CULVER CITY.,"BACARI OPERATIONS LLC, 3833 MAIN ST",CULVER CITY,CA,90232,,
PR92064,imperial,CITY WIDE OF INLAND EMPIRE,"CITY WIDE FACILITY SOLUTIONS, 3125 EAST GUASTA ROAD",ONTARIO,CA,91761,,
PR92103,imperial,LA VALLE COASTAL CLUB,5690 CANCHA DE GOLF,RANCHO SANTE FE,CA,92091,,
PR92182,imperial,PITAQ CORPORATION,9689 FOLSON BLVD #B,SACRAMENTO,CA,95827,,
PR92239,imperial,THE DISTRICT / COPEHOUSE,"THE DISTRICT, 19 E CITRUS AVE SUITE 101",REDLANDS,CA,92373,,
PR92246,imperial,SOUTH COAST WINERY RESORT J/S,"SOUTH COAST WINERY INC, 34843 RANCHO CALIFORNIA RD",TEMECULA,CA,92591,,
PR92476,imperial,REMLINGER FARMS,"REMLINGER FARM LLC, 32610 NE 32ND ST",CARNATION,WA,98014.0,,
PR92511,imperial,MONSTER SHAKES,"POKATONES SHOP LLC, 425. S.SUNRISE WAY, STE H7",PALM SPRINGS,CA,92262,,
PR92556,imperial,SALINAS VALLEY FORD,1100 AUTO CENTER CIRCLE,SALINAS,CA,93907.0,,
PR92612,imperial,THE OAKS GOURMET MARKET & CAFE,1915 NORTH BRONSON AVE,LOS ANGELES,CA,90068,,
PR92626,imperial,THUNDERBIRD TRADING POST INC,7121 WALLER RD E,TACOMA,WA,98443,,
PR92761,imperial,SEATTLE FISH GUYS LLC,411 23RD AVE S,SEATTLE,WA,98144,,
PR92928,imperial,THE LITTLE DOOR,"MECHANLOO, LLC, 8164 WEST 3RD STREET",LOS ANGELES,CA,90048,,
PR93479,imperial,NORTHROP GRUMMAN CORPORATION,401 E HENDY AVE,SUNNYVALE,CA,94086.0,,
PR93699,imperial,BACARI NORTH PARK,"BACARI NP LLC, 1926 E.7TH ST, STE B",LOS ANGELES,CA,90021.0,,
PR99345,jtj,JOE & THE JUICE NEW YORK LLC,"110 GREENE ST, UNIT 702",NEW YORK,NY,10012,,
PR99934,jtj,JOE & THE JUICE NEW YORK LLC,"JOE & THE JUICE NEW YORK LLC, 110 GREENE ST",NEW YORK,NY,10012,,
PSK032,imperial,PS KITCHEN,"LANTERN GLOBAL, LLC, 246 WEST 48TH STREET",NEW YORK,NY,10036,1711405.0,PS Kitchen
PUR325,imperial,PURE GREEN GATES,"PURE GREEN NYC GATES CORP., 325 GATES AVENUE",BROOKLYN,NY,11216,,
PUR3371,imperial,PURE GREEN MERCER MALL,"302 MERCER MALL,, 3371 US-1",LAWRENCEVILLE,NJ,08648,,
PUR725,imperial,PURE GREEN SOUTH MICHIGAN,"KONNECT FRANCHISE TWO, 1212 S. MICHIGAN #COMM1",CHICAGO,IL,60605,,
PUR95,imperial,PURE GREEN BOERUM PLACE,95 BOERUM PLACE,BROOKLYN,NY,11201,,
R14381,imperial,LUTHERAN SOCIAL MINISTRIES,"377 JERSEY AVENUE, SUITE 310",JERSEY CITY,NJ,7302.0,,
RES1101,imperial,RESTAURANT ASSOCIATES (FOODBUY,"BLOOMBERG DC PANTRY, 1101 NEW YORK AVE NW",WASHINGTON,DC,20005.0,,
RH00608,imperial,US COAST GUARD - OFFICERS CLUB,31 MOHEGAN AVENUE,NEW LONDON,CT,06320,,
ROOT32,imperial,ROOTED PIZZA CO,10-40 45TH AVE 3RD FLR,LIC,NY,11101.0,,
ROS003,imperial,THE ROSS SCHOOL CAFE,"P.O. BOX 36833, ATTN: ACCOUNTS PAYABLE DEPT",CHARLOTTE,NC,28236,,
RP00594,imperial,MARK TWAIN UNION ELEMENTARY SD,PO BOX 1359,ANGELS CAMP,CA,95222,,
RP00979,imperial,KING CURB,3111 YEAGER DR,MADERA,CA,93637,,
S001405,imperial,SERVICE MASTER MAINT. SYSTEMS,"6325 REGENCY PARKWAY, SUITE 840",NORCROSS,GA,30071.0,,
SAC348,imperial,SHRI AIRPORT CONCESSIONS,"745 5TH AVENUE, SUITE 500",NEW YORK,NY,10151.0,,
SAH025,imperial,SAHADI PIER 57 LLC.,25 11TH AVENUE,NEW YORK,NY,10011,,
SAH052,imperial,SAHADI'S,34 35TH STREET -SUITE 04-1-B12,BROOKLYN,NY,11232,1711287.0,Imperial Bag & Paper
SAH099,imperial,SAHADI IMPORTING CO.,187 ATLANTIC AVE,BROOKLYN,NY,11201,,
SAN046,imperial,SANT AMBROEUS,"1000 MADISON LLC, 950 THIRD AVENUE SUITE 500",NEW YORK,NY,10022,,
SAN050,imperial,SANT AMBROUSE,"950 THIRD AVENUE, SUITE 500",NEW YORK,NY,10022,,
SAN31,imperial,SAN PEDRO,"320 VAN BRUNT RESTAURANT LLC, 320 VAN BRUNT ST.",BROOKLYN,NY,11231.0,2405632.0,San Pedro
SCH319,imperial,SCHOOL IN THE SQUARE,120 WADSWORTH AVE,NEW YORK,NY,10033,,
SCHN1,imperial,SCHNIPPERS - 8TH AVE/41ST,370 LEXINGTON AVENUE #610,NEW YORK,NY,10017,,
SEAM023,imperial,SEAMORE'S,250 VESEY ST,NEW YORK,NY,10080,,
SFC659,imperial,CRUNCH FITNESS,63 MEADOW RD,RUTHERFORD,NJ,07070,,
SGR659,imperial,S GRACE FACILITIES INC,59 KENSICO DRIVE,MT KISCO,NY,10549,,
SILV027,imperial,SILVIA,ATTN: BETTY CHOI,WOODSTOCK,NY,12498,,
SOJ673,imperial,SOJU HAUS,"ATTN: KAY JUNG, 315 5TH AVENUE, 2ND FL",NEW YORK,NY,10016,,
SPI160,imperial,SPIN CYCLE COFFEE LLC,104 WEST 71ST STREET,NEW YORK,NY,10023,,
STJ098,imperial,ST JARDIM,185 W 10TH ST,NEW YORK,NY,10014.0,,
STU005,imperial,STUDIO SCHOOL,"117 WEST 95TH ST, ATTN: ACCOUNTS PAYABLE",NEW YORK,NY,10025,,
SUK001,imperial,SUKHADIA'S CATERER,"124 CASE DRIVE, ATTN: PHIL MANAGER",SOUTH PLAINFEILD,NJ,07080,,
SUN3001,imperial,SUNLIFE ORGANICS,333 N GREEN ST SUITE 75,CHICAGO,IL,60607,5080427.0,Sunlife Organics
T100360,imperial,THE NOW WEST LAKE VILLAGE,2806 TOWNSGATE RD SUITE B,WEST LAKE VILLAGE,CA,91361,,
T100537,imperial,MORENOS MEXICAN FOOD,"MORENOS REST INC., 4328 E. CHAPMAN AVENUE",ORANGE,CA,92869,2390494.0,Morenos Mexican Food
T100597,imperial,TACO ROSA - IRVINE,"TACO ROSA 2, LLC, 13792 JAMBOREE ROAD",IRVINE,CA,92602,,
T100599,imperial,TACO MESITA-TUSTIN,765 EL CAMINO REAL,TUSTIN,CA,92780,,
T100634,imperial,EAST COAST BAGEL,"TINA S PATTERSON, 1014 S. WESTLAKE BLVD. #2",WESTLAKE VILLAGE,CA,91361,,
T100866,imperial,JALAPENOS-LADERA RANCH,27602 ANTONIO PARKWAY # G-2,LADERA RANCH,CA,92694,,
T100936,imperial,EMMI'S RESTAURANT,45 N BALDWIN AVE,SIERRA MADRE,CA,91024,,
T100957,imperial,FIVE CROWNS,"LAWRYS RESTAURANTS, INC., 100 N LA CIENEGA BLVD",BEVERLY HILLS,CA,90211,,
T101022,imperial,NEWPORT BEACH TENNIS CLUB,2601 EAST BLUFF DRIVE,NEWPORT BEACH,CA,92660,1717803.0,Newport Beach - Tennis Club
T101060,imperial,STRAWBERRY FARMS GOLF CLUB,"STRAWBERRY FARMS GOLF CLUB, LL, 11 STRAWBERRY FARMS ROAD",IRVINE,CA,92612,,
T101157,imperial,SANTIAGO FOOD MART,617 E. 17TH ST.,SANTA ANA,CA,92701,,
T101230,imperial,POP'S BAGEL - FAIRFAX,801 N FAIRFAX BLVD UNIT 105,LOS ANGELES,CA,90046,,
T103100,imperial,HIGHLY LIKELY HIGHLAND PARK,5526 M FIGUEROA ST,HIGHLAND PARK,CA,90042,4849647.0,Highly Likely- Highland Park
T103428,imperial,HOLEY GRAIL DONUTS-SANTA MONIC,3620 WEST PICO BLVD,LOS ANGELES,CA,90019,4535410.0,Holey Grail Donuts- Santa Monica
T103429,imperial,HOLEY GRAIL DONUTS-SANTA MONIC,3620 WEST PICO BLVD,LOS ANGELES,CA,90019,4535410.0,Holey Grail Donuts- Santa Monica
T103430,imperial,HOLEY GRAIL DONUTS-LA-PICO,3620 WEST PICO BLVD,LOS ANGELES,CA,90019,4535233.0,Holey Grail Donuts
T104133,imperial,LARES,"JESSE LARES, 2909 PICO BLVD",SANTA MONICA,CA,90405,1717709.0,Lares
T104260,imperial,FIREHOUSE (THE),"LEIKO HAMADA, 213 ROSE AVE",VENICE,CA,90291,1717542.0,Firehouse
T104299,imperial,ANDREI'S RESTAURANT,"ANDREI'S RESTAURANT CORP., 2607 MAIN ST.",IRVINE,CA,92614.0,,
T104546,imperial,ACTIVE CULTURE - LAGUNA BEACH,"VELVET YOGURT INC., 1006 S. COAST HIGHWAY",LAGUNA BEACH,CA,92651,1711125.0,Active Culture - Laguna Beach
T104697,imperial,SANTA BARBARA ROASTING,321 MOTOR WAY,SANTA BARBARA,CA,93101,1717894.0,Santa Barbara Roasting Company
T105124,imperial,MOODY MARKET & PROVISION,2891 AGOURA RD,WESTLAKE VILLAGE,CA,91361,,
T105374,imperial,BUTCHERY (THE) SAN DIEGO,3720 COMINITO CT #200,SAN DIEGO,CA,92130.0,,
T105731,imperial,GINGERGRASS,"GINGERGRASS SILVERLAKE LLC, 2396 GLENDALE BLVD.",LOS ANGELES,CA,90039,,
T105745,imperial,JUICY LADIES - WOODLAND HILLS,"JUICY LADIES AGOURA LLC, 22423 VENTURA BLVD",WOODLAND HILLS,CA,91364,,
T105777,imperial,SYCAMORE KITCHEN (THE),"143 S LA BREA INC., 143 SOUTH LA BREA",LOS ANGELES,CA,90038,,
T106234,imperial,BACARI SHERMAN OAKS,"NATURES BREW, INC., 2316 SOUTH UNION AVE.",LOS ANGELES,CA,90007,,
T106277,imperial,PARADISE BAKERY & CAFE,"MSK CULINARY VENTURES, INC., 1006 THE SHOPS AT MISSION VIEJ",MISSION VIEJO,CA,92691,1717844.0,Paradise Bakery and Cafe
T106379,imperial,ACTIVE CULTURE - SAN CLEMENTE,"VELVET YOGURT, INC, 1006 SOUTH COAST HWY",LAGUNA BEACH,CA,92651,1717230.0,Active Culture San Clemente
T106403,imperial,POPPY CAKE BAKING CO,"POPPY CAKE BAKING COMPANY, LLC, 328 W SIERRA MADRE BLVD",SIERRA MADRE,CA,91024,,
T106460,imperial,BACARI LA (W ADAMS),"BACARI LA, LLC, 2308 S UNION AVE.",LOS ANGELES,CA,90007.0,,
T106690,imperial,DEBBIE'S DELIGHTS,"233 E GUTIERREZ ST, LISA DEXTER",SANTA BARBARA,CA,93101,,
T106748,imperial,JOYCE,770 S GRAND AVE UNIT A,LOS ANGELES,CA,90017,,
T106783,imperial,AMERICAN JUNKIE - HERMOSA,"SANGRIA EQUITY PARTNERS, L.P., 68 PIER AVE",HERMOSA BEACH,CA,90254,5501104.0,AMERICAN JUNKIE - HERMOSA
T106903,imperial,COGNOSCENTI COFFEE,"MIL STUDIOS, 6114 WASHINGTON BLVD",CULVER CITY,CA,90232,,
T107057,imperial,DUNE LOS ANGELES,"SPLENDOUR SOLIS, LLC, 3143 GLENDALE BLVD",LOS ANGELES,CA,90039,2394323.0,Dune
T107458,imperial,OLD CROW SMOKEHOUSE - HB,21022 PACIFIC COAST HWY,HUNTINGTON BEACH,CA,92648,,
T107790,imperial,TOPANGA LIVING CAFE,"CAFE TOPANGA, LLC, 19631 GRAND VIEW DR",TOPANGA,CA,90290,5259366.0,Topanga Living Cafe
T107816,imperial,BACARI GDL,"BACARO AMERICANA, INC., 757 AMERICANA WAY",GLENDALE,CA,91210,,
T107836,imperial,DUNE DOWNTOWN,"KIRK & FINNEGAN, LLC, 1923 LAKESHORE AVE",LOS ANGELES,CA,90039,2394450.0,Dune Downtown
T107881,imperial,AMERICAN JUNKIE - SAN DIEGO,"AJ SAN DIEGO, LLC, 628 5TH AVE",SAN DIEGO,CA,92101,1711132.0,AMERICAN JUNKIE - SAN DIEGO
T108034,imperial,ELF CAFE,2135 W SUNSET BLVD,LOS ANGELES,CA,90026,5350735.0,Elf Cafe
T108334,imperial,HIGHLY LIKELY CAFE(WEST ADAMS),"HIGHLY LIKELY WEST ADAMS, LLC, 4310 W JEFFERSON BLVD",LOS ANGELES,CA,90016,1711281.0,Highly Likely
T108472,imperial,BACARI W3RD,"BACARI MC, 8030 3/4 W. 3RD STREET",LOS ANGELES,CA,90048.0,,
T108479,imperial,ACTIVE CULTURE - OR - BEND,"VELVET YOGURT INC., 285 NW RIVERSIDE BLVD",BEND,OR,97703.0,1912454.0,Active Culture
T109115,imperial,SECTIONS FINE MEATS,"SECTIONS, LLC, 333 E 17TH STREET # 22",COSTA MESA,CA,92627,2385797.0,Sections Fine Meats
T109675,imperial,ENDLESS COLOR TOPANGA,123 S TOPANGA CANYON BLVD,TOPANGA,CA,90290,4951390.0,Endless Color
T109736,imperial,ALFALFA,"ALFALFA SANTA MONICA LLC, 2309 MAIN ST",SANTA MONICA,CA,90405,,
T109737,imperial,ALFALFA LARCHMONT LLC,5570 MELROSE AVE,LOS ANGELES,CA,90038,4850740.0,Alfalfa- Melrose
T110060,imperial,BACARI SILVERLAKE,"BACARI, LLC, 2316 S UNION AVE",LOS ANGELES,CA,90026,,
T110136,imperial,LIGHTHOUSE CAFE (THE),"JETTE ENTERTAINMENT, LLC, 30 PIER AVE",HERMOSA BEACH,CA,90254,,
T110149,imperial,ACTIVE CULTURE - NOVATO,"VELVET YOGURT, INC., 464 INGNACIO BLVD",NOVATO,CA,94947,1912454.0,Active Culture
T110225,imperial,ACTIVE CULTURE - LONG BEACH,"VELVET YOGURT, INC., 6420 E PACIFIC COAST HWY # 170",LONG BEACH,CA,90803,1912454.0,Active Culture
T110260,imperial,"BUTCHER, THE BAKER, THE CAPPUC","THE DISTINGUISHED GENTLEMEN, L, 8653-57 W SUNSET BLVD",WEST HOLLYWOOD,CA,90069.0,,
T110351,imperial,RIVIERA COUNTRY CLUB (THE),"RIVIERA GOLF & TENNIS, INC., 1250 CAPRI DR",PACIFIC PALISADES,CA,90272,,
T110393,imperial,SQIRL LLC,720 N VIRGIL AVE #4,LOS ANGELES,CA,90026,,
T172660,imperial,UBATUBA ACAI,"130 E CHAPMAN AVE, UNIT A",FULLERTON,CA,92832,,
T900606,imperial,MITHAECUS,1923 LAKE SHORE AVE,LOS ANGELES,CA,90039,,
T900863,imperial,SINIZKI,3147 GLENDALE BLVD,LOS ANGELES,CA,90039,5140452.0,"Bar Sinizki, LLC"
TBC027,imperial,THE BEAR CANTINA INC,295 A TINKER ST,WOODSTOCK,NY,12498,1717434.0,The Bear Cantina
TBNY65,imperial,THIS BOWL NEW YORK,65 BLEECKER STREET,NEW YORK,NY,10012,4273784.0,Le Pain Quotidien 65 Bleecker
TBNY66,imperial,THISBOWL 230 5TH,"THISBOWL 230 5TH LLC, 230 5TH AVENUE",NEW YORK,NY,10001,,
TER041,imperial,TERROIR TRIBECA,"24 HARRISON ST, 400.00 DOLLARS MINIMUM",NEW YORK,NY,10013,1711455.0,Terroir - Tribeca
THI575,imperial,THIRD PLACE BY HALF FULL BREW,43 HOMESTEAD AVE,STAMFORD,CT,6902.0,,
TTF5983,imperial,TD TRISTATE FARMINGDALE LLC,"D/B/A PDQ, 1004 BROADHOLLOW RD",FARMINGDALE,NY,11735,,
TTF5984,imperial,TD TRISTATE FARMINGDALE LLC,"D/B/A PDQ, 1236 OLD COUNTRY RD",WESTBURY,NY,11590,,
TUC023,imperial,TACOVISION-TURTLEBAY,244 E 53RD ST,NEW YORK,NY,10022,2455335.0,TacoVision
UMB045,imperial,UNION MARKET BEDFORD,288 COURT ST,BROOKLYN,NY,11231,5503790.0,Union Market
UNI004,imperial,UNION MARKET,"MPM ENTERPRISES HOUSTON ST INC, 240 E HOUSTON ST",NEW YORK,NY,10002,5503790.0,Union Market
UNI045,imperial,UNION MARKET,342 FLATBUSH AVE,BROOKLYN,NY,11238,5503790.0,Union Market
UNI058,imperial,UNION MARKET,"MPM ENTERPRISES INC., 754-756 UNION STREET",BROOKLYN,NY,11215,5503790.0,Union Market
UNI066,imperial,UNION MARKET,"MPM ENTRPIRSE 7TH INC., 402-404 7TH AVE.",BROOKLYN,NY,11215,5503790.0,Union Market
UNI078,imperial,UNION MARKET COURT ST,"288 COURT STREET, ATTN: MGR",BROOKLYN,NY,11231,1718093.0,Union Market Court St
VES031,imperial,VESUVIO NYC,160 PRINCE STREET,NEW YORK,NY,10012,,
WAS014,imperial,WASABI SUSHI BENTO,"ONE PENN PLAZA, CONCOURSE LEVEL",NEW YORK,NY,10022.0,5503791.0,Wasabi
WAS561,imperial,WASABI SUSHI & BENTO LLC,"WASABI, 561 7TH AVENUE",NEW YORK,NY,10018,5503791.0,Wasabi
WYT001,imperial,WYTHE HOTEL,80 WYTHE AVENUE,BROOKLYN,NY,11249,1711287.0,Imperial Bag & Paper
YAC160,imperial,THE YACHT CLUB,"228 PARK AVE S NUM 49181, ATTN:DINE TECHNOLOGY",NEW YORK,NY,10003,,
YUM006,imperial,MAVERICK CATERERS.,"20 RAILROAD AVENUE, ATTN: ERIC GROSS",HACKENSACK,NJ,07601,,
